date_key,payment_currency_key,payment_format_key,transaction_count,laundering_count,laundering_rate_percent,total_amount_paid
20220901,1,1,142373,0,0.000000,248211396031.67000000
20220901,1,2,7332,0,0.000000,44831281349.30000000
20220901,1,3,28347,44,0.155219,188433502310.20000000
20220901,1,4,78143,12,0.015356,469101201230.04000000
20220901,1,5,2,0,0.000000,9782562.93000000
20220901,1,6,49728,6,0.012066,1549449133.55000000
20220901,1,7,19674,4,0.020331,153481089582.02000000
20220901,2,1,66318,0,0.000000,21007984761.45000000
20220901,2,2,3655,0,0.000000,2691591578.92000000
20220901,2,3,11322,14,0.123653,13299101417.25000000
20220901,2,4,35744,7,0.019584,46825133783.38000000
20220901,2,5,2,0,0.000000,179.54000000
20220901,2,6,23649,7,0.029600,129333421.16000000
20220901,2,7,9214,3,0.032559,14166309781.58000000
20220901,3,1,58948,0,0.000000,1038613920946.32000000
20220901,3,2,3285,0,0.000000,329326107033.66000000
20220901,3,3,10665,31,0.290670,1560283559164.70000000
20220901,3,4,35652,8,0.022439,10430400111035.43000000
20220901,3,5,1,0,0.000000,27077421.34000000
20220901,3,6,21400,4,0.018692,15548252160.59000000
20220901,3,7,8564,1,0.011677,6508400367313.77000000
20220901,4,1,34156,0,0.000000,29057940207.73000000
20220901,4,2,1822,0,0.000000,7421233048.32000000
20220901,4,3,5692,10,0.175685,23942986033.43000000
20220901,4,4,19456,7,0.035979,74393634419.36000000
20220901,4,5,1,0,0.000000,715.92000000
20220901,4,6,12503,1,0.007998,205774241.99000000
20220901,4,7,5038,0,0.000000,26182642363.70000000
20220901,5,1,61567,0,0.000000,11531676586.66000000
20220901,5,2,3320,0,0.000000,1419723319.74000000
20220901,5,3,10791,38,0.352145,13304589965.05000000
20220901,5,4,33399,4,0.011976,24064750196.59000000
20220901,5,5,1,0,0.000000,2733.81000000
20220901,5,6,22117,5,0.022607,70313154.52000000
20220901,5,7,8784,4,0.045537,6288121968.39000000
20220901,6,1,733158,0,0.000000,189630583620.31000000
20220901,6,2,37927,0,0.000000,29827660045.58000000
20220901,6,3,134032,259,0.193237,240078925123.44000000
20220901,6,4,378885,60,0.015836,444980653802.61000000
20220901,6,5,12,0,0.000000,22527.87000000
20220901,6,6,251232,39,0.015524,1048152166.25000000
20220901,6,7,99382,24,0.024149,117167515096.58000000
20220901,7,1,52987,0,0.000000,1370683974214.34000000
20220901,7,2,2769,0,0.000000,328239274149.99000000
20220901,7,3,9802,17,0.173434,2552715907130.27000000
20220901,7,4,30942,1,0.003232,4249311437370.58000000
20220901,7,6,18656,2,0.010720,21668017161.86000000
20220901,7,7,7370,0,0.000000,2040733280742.77000000
20220901,8,1,469255,0,0.000000,104338756607.61000000
20220901,8,2,23918,0,0.000000,17999808129.32000000
20220901,8,3,79955,187,0.233882,269402235535.35000000
20220901,8,4,237994,48,0.020169,242195841944.63000000
20220901,8,5,6,0,0.000000,24649.64000000
20220901,8,6,159204,32,0.020100,564665263.83000000
20220901,8,7,62508,15,0.023997,73685281148.90000000
20220901,9,2,3,0,0.000000,0.07624800
20220901,9,3,11,0,0.000000,0.31876600
20220901,9,5,92721,16,0.017256,4350160.39335700
20220901,10,1,55675,0,0.000000,19034796017.32000000
20220901,10,2,3106,0,0.000000,4753157591.30000000
20220901,10,3,8809,15,0.170280,20064943228.55000000
20220901,10,4,30992,9,0.029040,75111342559.52000000
20220901,10,5,1,0,0.000000,2008.86000000
20220901,10,6,20390,2,0.009809,122691578.41000000
20220901,10,7,8140,1,0.012285,17493566173.40000000
20220901,11,1,50986,0,0.000000,274915177785.48000000
20220901,11,2,2746,0,0.000000,31546321430.87000000
20220901,11,3,8997,16,0.177837,211289648295.31000000
20220901,11,4,30264,9,0.029738,739805767533.13000000
20220901,11,6,18435,1,0.005424,2122088171.51000000
20220901,11,7,7420,0,0.000000,177154968620.45000000
20220901,12,1,86457,0,0.000000,73785676893.67000000
20220901,12,2,4660,0,0.000000,9830909674.63000000
20220901,12,3,13945,19,0.136250,57219366963.82000000
20220901,12,4,48289,5,0.010354,157766986563.94000000
20220901,12,5,2,0,0.000000,100947.87000000
20220901,12,6,30747,7,0.022766,447742923.23000000
20220901,12,7,12459,3,0.024079,41313350603.27000000
20220901,13,1,38220,0,0.000000,57514297893.97000000
20220901,13,2,2112,0,0.000000,6964850851.33000000
20220901,13,3,6460,14,0.216718,25448308403.93000000
20220901,13,4,21590,6,0.027791,163693209304.48000000
20220901,13,6,13811,2,0.014481,347406303.41000000
20220901,13,7,5636,2,0.035486,47445069291.07000000
20220901,14,1,52057,0,0.000000,11601520871.20000000
20220901,14,2,2817,0,0.000000,1901103480.21000000
20220901,14,3,8255,10,0.121139,5267060434.01000000
20220901,14,4,28080,2,0.007123,29323760946.16000000
20220901,14,5,1,0,0.000000,8585.60000000
20220901,14,6,18386,3,0.016317,70879770.19000000
20220901,14,7,7457,5,0.067051,10887776587.85000000
20220901,15,1,43454,0,0.000000,772140674937.52000000
20220901,15,2,2444,0,0.000000,275564141720.75000000
20220901,15,3,8160,7,0.085784,389633365814.23000000
20220901,15,4,26548,4,0.015067,1794708764313.32000000
20220901,15,5,1,0,0.000000,25785266.20000000
20220901,15,6,16060,3,0.018680,11278909185.20000000
20220901,15,7,6522,1,0.015333,627863412594.46000000
20220902,1,2,8225,0,0.000000,27998056960.07000000
20220902,1,3,33961,63,0.185507,214841621941.42000000
20220902,1,4,91698,21,0.022901,336379227799.48000000
20220902,1,5,1,0,0.000000,8285415.23000000
20220902,1,6,63337,10,0.015789,1838845501.31000000
20220902,1,7,24951,4,0.016031,121479610128.40000000
20220902,2,2,4058,0,0.000000,2742073981.93000000
20220902,2,3,13263,23,0.173415,8980357508.06000000
20220902,2,4,43625,7,0.016046,31039796799.90000000
20220902,2,5,4,0,0.000000,2821.91000000
20220902,2,6,30057,1,0.003327,156509602.45000000
20220902,2,7,11764,1,0.008501,10441887976.36000000
20220902,3,2,3647,0,0.000000,166435720622.43000000
20220902,3,3,11623,36,0.309731,971308352451.47000000
20220902,3,4,39409,10,0.025375,2230811343783.79000000
20220902,3,5,1,0,0.000000,5672928.24000000
20220902,3,6,27014,7,0.025912,18882000970.01000000
20220902,3,7,10808,8,0.074019,1287878845742.41000000
20220902,4,2,2016,0,0.000000,2569977740.62000000
20220902,4,3,6387,9,0.140911,22355130881.44000000
20220902,4,4,22902,3,0.013099,60561065725.24000000
20220902,4,5,2,0,0.000000,17497.08000000
20220902,4,6,15697,3,0.019112,243020152.24000000
20220902,4,7,6341,0,0.000000,22237780418.54000000
20220902,5,2,3686,0,0.000000,1068062089.26000000
20220902,5,3,13258,49,0.369588,5804306955.10000000
20220902,5,4,40780,4,0.009809,14096160090.45000000
20220902,5,5,1,0,0.000000,46870.86000000
20220902,5,6,27901,5,0.017921,84150121.23000000
20220902,5,7,11263,2,0.017757,5340024618.35000000
20220902,6,2,42153,0,0.000000,19691618063.64000000
20220902,6,3,159533,348,0.218137,165596092016.49000000
20220902,6,4,461363,76,0.016473,242392994094.37000000
20220902,6,5,17,0,0.000000,138006.96000000
20220902,6,6,317670,52,0.016369,1244136626.15000000
20220902,6,7,126666,31,0.024474,92029554735.73000000
20220902,7,2,3105,0,0.000000,404271909992.06000000
20220902,7,3,10938,24,0.219419,3105293127219.13000000
20220902,7,4,33950,3,0.008837,3692388992992.00000000
20220902,7,5,1,0,0.000000,18427132.51000000
20220902,7,6,23493,1,0.004257,26315501011.77000000
20220902,7,7,9329,3,0.032158,889633220818.75000000
20220902,8,2,26371,0,0.000000,11966104349.49000000
20220902,8,3,94335,242,0.256533,50578861534.73000000
20220902,8,4,289950,53,0.018279,125016357671.98000000
20220902,8,5,6,0,0.000000,456.00000000
20220902,8,6,201024,20,0.009949,670873443.82000000
20220902,8,7,79483,20,0.025163,50812226102.04000000
20220902,9,2,3,0,0.000000,0.05878700
20220902,9,3,11,0,0.000000,0.06130700
20220902,9,5,63097,15,0.023773,2017882.33011600
20220902,10,2,3416,0,0.000000,2255766021.39000000
20220902,10,3,10933,19,0.173786,16874971687.58000000
20220902,10,4,36965,8,0.021642,29124383822.00000000
20220902,10,5,1,0,0.000000,2008.86000000
20220902,10,6,25592,1,0.003907,143979922.90000000
20220902,10,7,10276,2,0.019463,7673812416.92000000
20220902,11,2,3073,0,0.000000,31223566678.48000000
20220902,11,3,9966,10,0.100341,154767061117.96000000
20220902,11,4,34015,9,0.026459,395941633630.31000000
20220902,11,6,23235,2,0.008608,2621718878.89000000
20220902,11,7,9227,2,0.021676,134393811489.01000000
20220902,12,2,5220,0,0.000000,17496036154.97000000
20220902,12,3,16466,25,0.151828,22416240867.34000000
20220902,12,4,57355,11,0.019179,123838589866.31000000
20220902,12,5,2,0,0.000000,64698.12000000
20220902,12,6,39120,5,0.012781,535469927.30000000
20220902,12,7,15797,6,0.037982,46540995238.94000000
20220902,13,2,2332,0,0.000000,3853936330.43000000
20220902,13,3,7349,7,0.095251,17615042153.78000000
20220902,13,4,25615,6,0.023424,72082298533.72000000
20220902,13,6,17461,4,0.022908,405642255.18000000
20220902,13,7,7136,2,0.028027,22632691085.13000000
20220902,14,2,3141,0,0.000000,1138434352.41000000
20220902,14,3,10355,12,0.115886,9626681235.44000000
20220902,14,4,34368,5,0.014548,18286590747.57000000
20220902,14,5,1,0,0.000000,8585.60000000
20220902,14,6,23310,6,0.025740,85113392.39000000
20220902,14,7,9482,0,0.000000,4838752791.39000000
20220902,15,2,2728,0,0.000000,96738862991.98000000
20220902,15,3,9254,27,0.291766,296696278374.59000000
20220902,15,4,29513,3,0.010165,1452871009092.83000000
20220902,15,5,1,0,0.000000,25785266.20000000
20220902,15,6,20223,4,0.019779,13130537448.19000000
20220902,15,7,8152,1,0.012267,506412831210.11000000
20220903,1,2,2116,0,0.000000,2444771226.32000000
20220903,1,3,9363,111,1.185517,165439443515.79000000
20220903,1,4,23396,3,0.012823,24786743768.66000000
20220903,1,5,1,0,0.000000,8285415.23000000
20220903,1,6,19310,2,0.010357,345801830.92000000
20220903,1,7,5951,0,0.000000,9373659530.76000000
20220903,2,2,1054,0,0.000000,142754817.82000000
20220903,2,3,3636,20,0.550055,6250466750.39000000
20220903,2,4,11353,0,0.000000,2681238397.96000000
20220903,2,5,1,0,0.000000,164.55000000
20220903,2,6,9289,1,0.010765,29675122.58000000
20220903,2,7,2858,0,0.000000,667941256.93000000
20220903,3,2,929,0,0.000000,11256802860.78000000
20220903,3,3,3155,47,1.489699,175481735008.13000000
20220903,3,4,10320,2,0.019380,352004606447.94000000
20220903,3,6,8345,0,0.000000,3066690892.38000000
20220903,3,7,2610,1,0.038314,264142599411.09000000
20220903,4,2,514,0,0.000000,279260909.67000000
20220903,4,3,1813,7,0.386100,2624598874.18000000
20220903,4,4,5933,0,0.000000,2559035225.48000000
20220903,4,5,1,0,0.000000,715.92000000
20220903,4,6,4874,1,0.020517,45560044.04000000
20220903,4,7,1525,1,0.065574,1035027066.24000000
20220903,5,2,948,0,0.000000,104322563.69000000
20220903,5,3,3939,65,1.650165,940727590.11000000
20220903,5,4,10495,4,0.038113,1244199736.67000000
20220903,5,6,8578,2,0.023315,16030865.23000000
20220903,5,7,2737,0,0.000000,585320348.21000000
20220903,6,2,10605,0,0.000000,1466786330.96000000
20220903,6,3,45928,481,1.047291,60872376602.47000000
20220903,6,4,119095,20,0.016793,19640792451.21000000
20220903,6,5,2,0,0.000000,646.16000000
20220903,6,6,97784,12,0.012272,235274432.80000000
20220903,6,7,30258,9,0.029744,7866264882.09000000
20220903,7,2,761,0,0.000000,34122883365.95000000
20220903,7,3,2807,35,1.246883,99324901911.26000000
20220903,7,4,8760,0,0.000000,436953029531.51000000
20220903,7,6,7411,1,0.013493,5090874990.71000000
20220903,7,7,2233,0,0.000000,75530072970.22000000
20220903,8,2,6643,0,0.000000,888801480.85000000
20220903,8,3,27809,355,1.276565,19094729946.70000000
20220903,8,4,74801,9,0.012032,8935376338.90000000
20220903,8,5,2,0,0.000000,291.30000000
20220903,8,6,62239,6,0.009640,127015724.24000000
20220903,8,7,19032,9,0.047289,3157707898.20000000
20220903,9,2,4,0,0.000000,0.01671000
20220903,9,3,16,0,0.000000,0.07727400
20220903,9,5,18347,13,0.070856,309776.13745900
20220903,10,2,852,0,0.000000,177653659.52000000
20220903,10,3,3050,33,1.081967,826907569.63000000
20220903,10,4,9638,3,0.031127,2679255572.94000000
20220903,10,6,7816,0,0.000000,27245045.97000000
20220903,10,7,2474,0,0.000000,811834713.93000000
20220903,11,2,760,0,0.000000,1962379315.82000000
20220903,11,3,2906,15,0.516173,14185203173.91000000
20220903,11,4,8803,4,0.045439,28658294323.83000000
20220903,11,6,7153,1,0.013980,491779350.57000000
20220903,11,7,2222,0,0.000000,13009103970.47000000
20220903,12,2,1280,0,0.000000,1037543887.81000000
20220903,12,3,4884,25,0.511876,8657576051.22000000
20220903,12,4,14716,5,0.033977,7602632595.12000000
20220903,12,5,1,0,0.000000,300.00000000
20220903,12,6,11861,3,0.025293,100357189.71000000
20220903,12,7,3775,1,0.026490,3053597549.04000000
20220903,13,2,600,0,0.000000,290849051.35000000
20220903,13,3,1745,10,0.573066,6902192389.52000000
20220903,13,4,6593,0,0.000000,4990399363.50000000
20220903,13,6,5397,0,0.000000,77547302.29000000
20220903,13,7,1661,0,0.000000,2064951018.08000000
20220903,14,2,811,0,0.000000,76802161.83000000
20220903,14,3,2977,15,0.503863,2191461245.86000000
20220903,14,4,8914,0,0.000000,1010152826.64000000
20220903,14,6,7110,0,0.000000,16146088.45000000
20220903,14,7,2248,2,0.088968,488237417.49000000
20220903,15,2,714,0,0.000000,10237680215.67000000
20220903,15,3,2696,36,1.335312,19993249502.10000000
20220903,15,4,7582,2,0.026378,188502101724.97000000
20220903,15,6,6165,0,0.000000,2719629145.62000000
20220903,15,7,1973,1,0.050684,28317829412.96000000
20220904,1,2,2117,0,0.000000,2444771224.46000000
20220904,1,3,9981,106,1.062018,41081607134.43000000
20220904,1,4,23404,1,0.004273,24482033587.95000000
20220904,1,5,1,0,0.000000,8285415.23000000
20220904,1,6,19300,2,0.010363,345811237.14000000
20220904,1,7,5951,0,0.000000,9373659530.76000000
20220904,2,2,1054,0,0.000000,142754817.82000000
20220904,2,3,3461,26,0.751228,1725548908.47000000
20220904,2,4,11359,1,0.008804,2691857859.23000000
20220904,2,5,1,0,0.000000,164.55000000
20220904,2,6,9293,3,0.032282,29688854.51000000
20220904,2,7,2858,0,0.000000,667941256.93000000
20220904,3,2,929,0,0.000000,11256802860.78000000
20220904,3,3,3248,55,1.693350,113531888395.79000000
20220904,3,4,10331,0,0.000000,357380285012.87000000
20220904,3,6,8337,1,0.011995,3067013357.63000000
20220904,3,7,2610,0,0.000000,264142599411.09000000
20220904,4,2,514,0,0.000000,279260909.67000000
20220904,4,3,1884,13,0.690021,3044081468.07000000
20220904,4,4,5929,4,0.067465,2567402934.61000000
20220904,4,5,1,0,0.000000,715.92000000
20220904,4,6,4881,0,0.000000,45563286.89000000
20220904,4,7,1525,1,0.065574,1035027066.24000000
20220904,5,2,947,0,0.000000,104322563.67000000
20220904,5,3,3675,65,1.768707,1456787486.59000000
20220904,5,4,10508,1,0.009517,1274126042.37000000
20220904,5,6,8560,1,0.011682,15809002.42000000
20220904,5,7,2737,0,0.000000,585320348.21000000
20220904,6,2,10605,0,0.000000,1466785816.99000000
20220904,6,3,46724,566,1.211369,27993295176.91000000
20220904,6,4,119089,31,0.026031,20667468845.37000000
20220904,6,5,2,0,0.000000,646.16000000
20220904,6,6,97755,15,0.015344,235578904.87000000
20220904,6,7,30258,6,0.019829,7866264882.09000000
20220904,7,2,761,0,0.000000,34122883365.95000000
20220904,7,3,3083,47,1.524489,111797334559.48000000
20220904,7,4,8762,0,0.000000,438250274806.82000000
20220904,7,6,7416,1,0.013484,5089636056.88000000
20220904,7,7,2233,0,0.000000,75530072970.22000000
20220904,8,2,6646,0,0.000000,888801480.97000000
20220904,8,3,28255,427,1.511237,9944170263.66000000
20220904,8,4,74750,16,0.021405,9190227367.67000000
20220904,8,5,2,0,0.000000,291.30000000
20220904,8,6,62250,8,0.012851,127117188.81000000
20220904,8,7,19032,2,0.010509,3157707898.20000000
20220904,9,2,1,0,0.000000,0.00016400
20220904,9,3,10,0,0.000000,0.03570900
20220904,9,5,18329,11,0.060014,135131.83223800
20220904,10,2,852,0,0.000000,177653659.52000000
20220904,10,3,3174,30,0.945180,8452687490.57000000
20220904,10,4,9636,0,0.000000,2671141392.22000000
20220904,10,6,7828,1,0.012775,27319574.08000000
20220904,10,7,2474,1,0.040420,811834713.93000000
20220904,11,2,760,0,0.000000,1962379315.82000000
20220904,11,3,2771,18,0.649585,17868706944.09000000
20220904,11,4,8790,0,0.000000,35145381988.37000000
20220904,11,6,7156,0,0.000000,491974234.60000000
20220904,11,7,2222,0,0.000000,13009103970.47000000
20220904,12,2,1280,0,0.000000,1037543887.81000000
20220904,12,3,4468,29,0.649060,3146359727.68000000
20220904,12,4,14715,2,0.013592,7588002685.90000000
20220904,12,5,1,0,0.000000,300.00000000
20220904,12,6,11866,1,0.008427,100720428.37000000
20220904,12,7,3775,0,0.000000,3053597549.04000000
20220904,13,2,600,0,0.000000,290849051.35000000
20220904,13,3,2252,8,0.355240,3218675067.58000000
20220904,13,4,6574,2,0.030423,4963723284.06000000
20220904,13,6,5394,1,0.018539,77491959.02000000
20220904,13,7,1661,0,0.000000,2064951018.08000000
20220904,14,2,811,0,0.000000,76802161.83000000
20220904,14,3,2878,13,0.451703,2456087650.53000000
20220904,14,4,8917,0,0.000000,1005146623.58000000
20220904,14,6,7120,1,0.014045,16153754.86000000
20220904,14,7,2248,2,0.088968,488237417.49000000
20220904,15,2,714,0,0.000000,10237680215.67000000
20220904,15,3,2599,28,1.077337,82906600227.01000000
20220904,15,4,7575,0,0.000000,188443076950.91000000
20220904,15,6,6164,1,0.016223,2719064006.91000000
20220904,15,7,1973,1,0.050684,28317829412.96000000
20220905,1,2,5329,0,0.000000,6819803308.28000000
20220905,1,3,19370,132,0.681466,73197569196.83000000
20220905,1,4,58757,11,0.018721,87047750487.09000000
20220905,1,5,1,0,0.000000,8285415.23000000
20220905,1,6,42064,6,0.014264,949712199.14000000
20220905,1,7,15031,5,0.033265,28312094892.42000000
20220905,2,2,2620,0,0.000000,453822134.42000000
20220905,2,3,6978,30,0.429923,1668151020.88000000
20220905,2,4,27996,6,0.021432,7016348264.89000000
20220905,2,5,2,0,0.000000,179.54000000
20220905,2,6,20110,3,0.014918,79072194.63000000
20220905,2,7,7092,1,0.014100,2520354568.52000000
20220905,3,2,2362,0,0.000000,46202010258.28000000
20220905,3,3,6427,65,1.011358,140661795611.50000000
20220905,3,4,25431,2,0.007864,833318387168.32000000
20220905,3,6,18040,4,0.022173,9092321578.26000000
20220905,3,7,6476,3,0.046325,653322247872.20000000
20220905,4,2,1295,0,0.000000,1159370054.23000000
20220905,4,3,3526,4,0.113443,5366312741.40000000
20220905,4,4,14777,3,0.020302,9792189350.68000000
20220905,4,5,1,0,0.000000,715.92000000
20220905,4,6,10578,1,0.009454,127603448.78000000
20220905,4,7,3884,2,0.051493,5504201445.49000000
20220905,5,2,2409,0,0.000000,368931596.03000000
20220905,5,3,7520,80,1.063830,2170732781.89000000
20220905,5,4,26318,5,0.018998,4117478505.63000000
20220905,5,6,18757,6,0.031988,42813031.91000000
20220905,5,7,6805,0,0.000000,1420733868.56000000
20220905,6,2,27277,0,0.000000,4799227485.32000000
20220905,6,3,93179,629,0.675045,88941767767.00000000
20220905,6,4,297310,54,0.018163,60009216071.89000000
20220905,6,5,10,0,0.000000,4472.58000000
20220905,6,6,212958,33,0.015496,640902095.45000000
20220905,6,7,77007,14,0.018180,21963360445.42000000
20220905,7,2,1993,0,0.000000,150194509005.10000000
20220905,7,3,5798,49,0.845119,485290601575.38000000
20220905,7,4,21933,5,0.022797,1377328914963.06000000
20220905,7,6,15807,2,0.012653,11760731929.70000000
20220905,7,7,5668,0,0.000000,277022458820.90000000
20220905,8,2,17031,0,0.000000,2738232374.78000000
20220905,8,3,54093,440,0.813414,33002926919.41000000
20220905,8,4,186832,31,0.016592,28266640637.16000000
20220905,8,5,4,0,0.000000,300.53000000
20220905,8,6,135046,22,0.016291,345176613.88000000
20220905,8,7,48294,7,0.014495,10291844905.99000000
20220905,9,2,2,0,0.000000,0.00362000
20220905,9,3,13,0,0.000000,0.08234400
20220905,9,5,42782,21,0.049086,1348025.85702200
20220905,10,2,2222,0,0.000000,673876991.10000000
20220905,10,3,5969,35,0.586363,2398547650.77000000
20220905,10,4,24133,4,0.016575,7613118897.47000000
20220905,10,5,1,0,0.000000,2008.86000000
20220905,10,6,17230,2,0.011608,74534880.84000000
20220905,10,7,6259,1,0.015977,2249108387.49000000
20220905,11,2,1974,0,0.000000,5352172317.15000000
20220905,11,3,5310,16,0.301318,24915609404.44000000
20220905,11,4,22000,3,0.013636,95229281475.52000000
20220905,11,6,15642,3,0.019179,1295052241.56000000
20220905,11,7,5677,2,0.035230,34368794789.69000000
20220905,12,2,3342,0,0.000000,3215106834.37000000
20220905,12,3,9062,30,0.331053,9089076920.59000000
20220905,12,4,36981,8,0.021633,29557869824.05000000
20220905,12,5,1,0,0.000000,300.00000000
20220905,12,6,26129,6,0.022963,275759166.95000000
20220905,12,7,9612,3,0.031211,10453285249.64000000
20220905,13,2,1533,0,0.000000,1019555575.95000000
20220905,13,3,4175,11,0.263473,27962902550.84000000
20220905,13,4,16468,3,0.018217,17239615610.72000000
20220905,13,6,11716,2,0.017071,212554194.05000000
20220905,13,7,4364,0,0.000000,7311098900.77000000
20220905,14,2,2013,0,0.000000,446300836.36000000
20220905,14,3,5625,10,0.177778,1844967751.31000000
20220905,14,4,22115,2,0.009044,3757056106.51000000
20220905,14,5,1,0,0.000000,8585.60000000
20220905,14,6,15585,2,0.012833,42944686.04000000
20220905,14,7,5739,1,0.017425,1316977751.79000000
20220905,15,2,1746,0,0.000000,33112704000.60000000
20220905,15,3,5188,35,0.674634,443507450687.12000000
20220905,15,4,19189,6,0.031268,464170437766.51000000
20220905,15,5,1,0,0.000000,25785266.20000000
20220905,15,6,13602,1,0.007352,6518273485.40000000
20220905,15,7,5002,1,0.019992,100602039689.94000000
20220906,1,2,5327,0,0.000000,6819803300.60000000
20220906,1,3,19866,141,0.709755,42572183741.28000000
20220906,1,4,58743,9,0.015321,87117508251.88000000
20220906,1,5,1,0,0.000000,8285415.23000000
20220906,1,6,42064,4,0.009509,949777528.01000000
20220906,1,7,15031,3,0.019959,28312094892.42000000
20220906,2,2,2619,0,0.000000,453822134.04000000
20220906,2,3,7294,19,0.260488,1568303065.95000000
20220906,2,4,27988,9,0.032157,6903761234.75000000
20220906,2,5,2,0,0.000000,179.54000000
20220906,2,6,20109,6,0.029837,79065945.71000000
20220906,2,7,7092,2,0.028201,2520354568.52000000
20220906,3,2,2362,0,0.000000,46202010258.28000000
20220906,3,3,6441,62,0.962583,344645333197.18000000
20220906,3,4,25420,6,0.023603,833134001492.62000000
20220906,3,6,18044,6,0.033252,9090125252.16000000
20220906,3,7,6476,0,0.000000,653322247872.20000000
20220906,4,2,1295,0,0.000000,1159370054.23000000
20220906,4,3,3946,11,0.278763,4505131026.75000000
20220906,4,4,14782,0,0.000000,9801282705.46000000
20220906,4,5,1,0,0.000000,715.92000000
20220906,4,6,10576,0,0.000000,127584911.66000000
20220906,4,7,3884,1,0.025747,5504201445.49000000
20220906,5,2,2407,0,0.000000,368931595.82000000
20220906,5,3,7508,83,1.105487,8185261319.65000000
20220906,5,4,26317,5,0.018999,4081225741.58000000
20220906,5,6,18741,2,0.010672,42826517.43000000
20220906,5,7,6805,1,0.014695,1420733868.56000000
20220906,6,2,27290,0,0.000000,4799224479.47000000
20220906,6,3,91966,732,0.795946,66531683396.06000000
20220906,6,4,297292,64,0.021528,59371100327.71000000
20220906,6,5,10,0,0.000000,4472.58000000
20220906,6,6,212976,33,0.015495,640818334.37000000
20220906,6,7,77007,8,0.010389,21963360445.42000000
20220906,7,2,1992,0,0.000000,150194509003.53000000
20220906,7,3,6015,67,1.113882,1048236476728.29000000
20220906,7,4,21928,2,0.009121,1236221683513.61000000
20220906,7,6,15808,4,0.025304,11759272868.48000000
20220906,7,7,5668,0,0.000000,277022458820.90000000
20220906,8,2,17038,0,0.000000,2738232317.61000000
20220906,8,3,54473,523,0.960109,34093139134.21000000
20220906,8,4,186870,31,0.016589,28282989319.26000000
20220906,8,5,4,0,0.000000,300.53000000
20220906,8,6,135041,14,0.010367,345192599.75000000
20220906,8,7,48294,3,0.006212,10291844905.99000000
20220906,9,2,7,0,0.000000,0.06404700
20220906,9,3,15,0,0.000000,0.07030300
20220906,9,5,42597,17,0.039909,479513.51733500
20220906,10,2,2221,0,0.000000,673876812.90000000
20220906,10,3,5638,34,0.603051,8765040142.53000000
20220906,10,4,24127,2,0.008289,7612734087.47000000
20220906,10,5,1,0,0.000000,2008.86000000
20220906,10,6,17227,2,0.011610,74549173.81000000
20220906,10,7,6259,1,0.015977,2249108387.49000000
20220906,11,2,1974,0,0.000000,5352172317.15000000
20220906,11,3,5475,13,0.237443,72289424272.19000000
20220906,11,4,22006,2,0.009088,95233178688.45000000
20220906,11,6,15641,5,0.031967,1295439734.43000000
20220906,11,7,5677,1,0.017615,34368794789.69000000
20220906,12,2,3341,0,0.000000,3215106834.32000000
20220906,12,3,9042,18,0.199071,70654311581.55000000
20220906,12,4,36973,8,0.021637,28653605453.40000000
20220906,12,5,1,0,0.000000,300.00000000
20220906,12,6,26127,2,0.007655,275776338.60000000
20220906,12,7,9612,0,0.000000,10453285249.64000000
20220906,13,2,1533,0,0.000000,1019555575.95000000
20220906,13,3,4134,11,0.266086,7571941147.46000000
20220906,13,4,16464,4,0.024295,17238660459.81000000
20220906,13,6,11717,4,0.034138,212542943.54000000
20220906,13,7,4364,0,0.000000,7311098900.77000000
20220906,14,2,2014,0,0.000000,446300836.79000000
20220906,14,3,5807,16,0.275530,1791614671.04000000
20220906,14,4,22119,3,0.013563,3757867789.76000000
20220906,14,5,1,0,0.000000,8585.60000000
20220906,14,6,15587,2,0.012831,43022466.33000000
20220906,14,7,5739,0,0.000000,1316977751.79000000
20220906,15,2,1746,0,0.000000,33112704000.60000000
20220906,15,3,5273,35,0.663759,533725136950.29000000
20220906,15,4,19203,4,0.020830,464707166773.95000000
20220906,15,5,1,0,0.000000,25785266.20000000
20220906,15,6,13612,5,0.036732,6518383537.27000000
20220906,15,7,5002,1,0.019992,100602039689.94000000
20220907,1,2,5333,0,0.000000,6819803315.51000000
20220907,1,3,19458,145,0.745195,51096218895.96000000
20220907,1,4,58736,14,0.023835,87486774625.88000000
20220907,1,5,1,0,0.000000,8285415.23000000
20220907,1,6,42064,4,0.009509,949597793.49000000
20220907,1,7,15031,2,0.013306,28312094892.42000000
20220907,2,2,2620,0,0.000000,453822134.21000000
20220907,2,3,7226,21,0.290617,2974003284.95000000
20220907,2,4,27984,9,0.032161,6912541320.69000000
20220907,2,5,2,0,0.000000,179.54000000
20220907,2,6,20100,8,0.039801,79180483.05000000
20220907,2,7,7092,0,0.000000,2520354568.52000000
20220907,3,2,2362,0,0.000000,46202010258.28000000
20220907,3,3,6452,79,1.224427,155851479771.54000000
20220907,3,4,25432,6,0.023592,833141120878.94000000
20220907,3,6,18045,1,0.005542,9089348083.09000000
20220907,3,7,6476,1,0.015442,653322247872.20000000
20220907,4,2,1295,0,0.000000,1159370054.23000000
20220907,4,3,3757,6,0.159702,14681667968.85000000
20220907,4,4,14787,6,0.040576,9894282108.07000000
20220907,4,5,1,0,0.000000,715.92000000
20220907,4,6,10582,0,0.000000,127597643.25000000
20220907,4,7,3884,0,0.000000,5504201445.49000000
20220907,5,2,2408,0,0.000000,368931595.82000000
20220907,5,3,7655,100,1.306336,4702979943.63000000
20220907,5,4,26316,5,0.019000,4081252610.80000000
20220907,5,6,18742,2,0.010671,42826437.17000000
20220907,5,7,6805,1,0.014695,1420733868.56000000
20220907,6,2,27287,0,0.000000,4799232381.06000000
20220907,6,3,93213,775,0.831429,66582754765.21000000
20220907,6,4,297225,54,0.018168,62810287285.93000000
20220907,6,5,10,0,0.000000,4472.58000000
20220907,6,6,212946,27,0.012679,641442241.10000000
20220907,6,7,77008,12,0.015583,21963377681.34000000
20220907,7,2,1993,0,0.000000,150194509005.78000000
20220907,7,3,6158,59,0.958103,493768564482.21000000
20220907,7,4,21934,3,0.013677,1236240814917.24000000
20220907,7,6,15810,3,0.018975,11759293719.05000000
20220907,7,7,5668,0,0.000000,277022458820.90000000
20220907,8,2,17034,0,0.000000,2738232291.10000000
20220907,8,3,54995,499,0.907355,23858116694.80000000
20220907,8,4,186792,42,0.022485,28834119942.32000000
20220907,8,5,4,0,0.000000,300.53000000
20220907,8,6,135025,32,0.023699,345132373.77000000
20220907,8,7,48294,7,0.014495,10291844905.99000000
20220907,9,2,1,0,0.000000,0.00131400
20220907,9,3,8,0,0.000000,0.01380300
20220907,9,5,42926,14,0.032614,517574.82617900
20220907,10,2,2221,0,0.000000,673876812.90000000
20220907,10,3,5924,34,0.573937,2846636238.69000000
20220907,10,4,24132,2,0.008288,7613428522.22000000
20220907,10,5,1,0,0.000000,2008.86000000
20220907,10,6,17243,4,0.023198,74535313.17000000
20220907,10,7,6259,0,0.000000,2249108387.49000000
20220907,11,2,1974,0,0.000000,5352172317.15000000
20220907,11,3,5634,15,0.266241,38337938571.33000000
20220907,11,4,22004,5,0.022723,95230727839.42000000
20220907,11,6,15660,1,0.006386,1294906925.17000000
20220907,11,7,5677,1,0.017615,34368794789.69000000
20220907,12,2,3341,0,0.000000,3215106834.32000000
20220907,12,3,9428,32,0.339415,31496222558.78000000
20220907,12,4,36974,12,0.032455,28650765740.64000000
20220907,12,5,1,0,0.000000,300.00000000
20220907,12,6,26129,2,0.007654,275757791.15000000
20220907,12,7,9612,2,0.020807,10453285249.64000000
20220907,13,2,1533,0,0.000000,1019555575.95000000
20220907,13,3,4001,16,0.399900,54311414041.16000000
20220907,13,4,16462,1,0.006075,17238547027.56000000
20220907,13,6,11714,5,0.042684,212615733.94000000
20220907,13,7,4364,2,0.045830,7311098900.77000000
20220907,14,2,2012,0,0.000000,446300835.97000000
20220907,14,3,5595,12,0.214477,1537881205.79000000
20220907,14,4,22110,8,0.036183,3761043480.23000000
20220907,14,5,1,0,0.000000,8585.60000000
20220907,14,6,15582,3,0.019253,42945091.70000000
20220907,14,7,5739,1,0.017425,1316977751.79000000
20220907,15,2,1746,0,0.000000,33112704000.60000000
20220907,15,3,5156,44,0.853375,91935935447.07000000
20220907,15,4,19195,3,0.015629,464210775581.15000000
20220907,15,5,1,0,0.000000,25785266.20000000
20220907,15,6,13611,4,0.029388,6518761377.75000000
20220907,15,7,5002,1,0.019992,100602039689.94000000
20220908,1,2,5330,0,0.000000,6819803312.74000000
20220908,1,3,19868,138,0.694584,47218273542.47000000
20220908,1,4,58742,11,0.018726,86984354391.88000000
20220908,1,5,1,0,0.000000,8285415.23000000
20220908,1,6,42071,4,0.009508,949850042.71000000
20220908,1,7,15031,6,0.039918,28312094892.42000000
20220908,2,2,2619,0,0.000000,453822134.04000000
20220908,2,3,7628,30,0.393288,7345281511.01000000
20220908,2,4,27987,4,0.014292,6907545878.66000000
20220908,2,5,2,0,0.000000,179.54000000
20220908,2,6,20094,2,0.009953,79071595.52000000
20220908,2,7,7092,3,0.042301,2520354568.52000000
20220908,3,2,2362,0,0.000000,46202010258.28000000
20220908,3,3,6372,67,1.051475,137531663869.54000000
20220908,3,4,25425,3,0.011799,833143222538.88000000
20220908,3,6,18048,1,0.005541,9087187554.50000000
20220908,3,7,6476,2,0.030883,653322247872.20000000
20220908,4,2,1295,0,0.000000,1159370054.23000000
20220908,4,3,3794,10,0.263574,3235666391.97000000
20220908,4,4,14792,3,0.020281,10689345592.10000000
20220908,4,5,1,0,0.000000,715.92000000
20220908,4,6,10586,3,0.028339,127651855.01000000
20220908,4,7,3884,1,0.025747,5504201445.49000000
20220908,5,2,2407,0,0.000000,368931595.83000000
20220908,5,3,7608,95,1.248686,3551695594.37000000
20220908,5,4,26323,6,0.022794,4080999495.72000000
20220908,5,6,18736,1,0.005337,42823305.31000000
20220908,5,7,6805,1,0.014695,1420733868.56000000
20220908,6,2,27285,0,0.000000,4799225972.41000000
20220908,6,3,92433,753,0.814644,63190660576.21000000
20220908,6,4,297244,43,0.014466,58607620763.39000000
20220908,6,5,10,0,0.000000,4472.58000000
20220908,6,6,212966,40,0.018782,640806445.00000000
20220908,6,7,77006,21,0.027271,21963335310.36000000
20220908,7,2,1992,0,0.000000,150194509003.53000000
20220908,7,3,6298,65,1.032074,477634832151.88000000
20220908,7,4,21939,4,0.018232,1236457775230.14000000
20220908,7,6,15806,1,0.006327,11762536874.08000000
20220908,7,7,5668,1,0.017643,277022458820.90000000
20220908,8,2,17036,0,0.000000,2738232295.71000000
20220908,8,3,54497,545,1.000055,22060478849.53000000
20220908,8,4,186831,42,0.022480,28350378853.52000000
20220908,8,5,4,0,0.000000,300.53000000
20220908,8,6,135055,21,0.015549,345263284.93000000
20220908,8,7,48294,15,0.031060,10291844905.99000000
20220908,9,2,1,0,0.000000,0.00559800
20220908,9,3,14,0,0.000000,0.92468400
20220908,9,5,43049,12,0.027875,8412901.74190000
20220908,10,2,2221,0,0.000000,673876812.90000000
20220908,10,3,5870,35,0.596252,4481258007.51000000
20220908,10,4,24153,6,0.024842,11453170122.56000000
20220908,10,5,1,0,0.000000,2008.86000000
20220908,10,6,17228,4,0.023218,74519880.74000000
20220908,10,7,6259,3,0.047931,2249108387.49000000
20220908,11,2,1974,0,0.000000,5352172317.15000000
20220908,11,3,5424,17,0.313422,46316108164.98000000
20220908,11,4,22007,7,0.031808,95238783730.10000000
20220908,11,6,15653,3,0.019166,1295439882.78000000
20220908,11,7,5677,2,0.035230,34368794789.69000000
20220908,12,2,3342,0,0.000000,3215106834.41000000
20220908,12,3,9462,32,0.338195,21407454253.39000000
20220908,12,4,36966,3,0.008116,28659462058.31000000
20220908,12,5,1,0,0.000000,300.00000000
20220908,12,6,26126,1,0.003828,275781264.82000000
20220908,12,7,9612,1,0.010404,10453285249.64000000
20220908,13,2,1533,0,0.000000,1019555575.95000000
20220908,13,3,3860,8,0.207254,7351998904.24000000
20220908,13,4,16460,2,0.012151,17238112043.72000000
20220908,13,6,11707,3,0.025626,212621353.60000000
20220908,13,7,4364,1,0.022915,7311098900.77000000
20220908,14,2,2012,0,0.000000,446300835.97000000
20220908,14,3,5468,14,0.256035,779286100.71000000
20220908,14,4,22115,7,0.031653,3757775911.06000000
20220908,14,5,1,0,0.000000,8585.60000000
20220908,14,6,15580,2,0.012837,42962060.92000000
20220908,14,7,5739,1,0.017425,1316977751.79000000
20220908,15,2,1746,0,0.000000,33112704000.60000000
20220908,15,3,5452,41,0.752018,86610617292.78000000
20220908,15,4,19181,2,0.010427,464172853658.35000000
20220908,15,5,1,0,0.000000,25785266.20000000
20220908,15,6,13606,3,0.022049,6517409155.76000000
20220908,15,7,5002,2,0.039984,100602039689.94000000
20220909,1,2,6641,0,0.000000,15623832043.14000000
20220909,1,3,29238,154,0.526712,58778758241.25000000
20220909,1,4,79714,13,0.016308,202069634180.75000000
20220909,1,5,1,0,0.000000,8285415.23000000
20220909,1,6,55588,1,0.001799,1353938842.95000000
20220909,1,7,20917,6,0.028685,47485079290.89000000
20220909,2,2,3311,0,0.000000,1277462832.34000000
20220909,2,3,11465,28,0.244222,6433216651.32000000
20220909,2,4,37812,7,0.018513,15758143119.66000000
20220909,2,5,3,0,0.000000,238.59000000
20220909,2,6,26376,6,0.022748,113749213.44000000
20220909,2,7,9902,2,0.020198,5035251313.22000000
20220909,3,2,2965,0,0.000000,84474387941.15000000
20220909,3,3,10109,73,0.722129,314976419653.59000000
20220909,3,4,34248,7,0.020439,1350508488788.35000000
20220909,3,5,1,0,0.000000,5672928.24000000
20220909,3,6,23665,1,0.004226,13495154622.52000000
20220909,3,7,9036,3,0.033201,977547674030.94000000
20220909,4,2,1642,0,0.000000,1520131378.21000000
20220909,4,3,5701,6,0.105245,6759019447.72000000
20220909,4,4,19887,2,0.010057,22348317297.11000000
20220909,4,5,1,0,0.000000,715.92000000
20220909,4,6,13798,2,0.014495,179573424.39000000
20220909,4,7,5333,1,0.018751,8824959645.00000000
20220909,5,2,2999,0,0.000000,702032465.77000000
20220909,5,3,11521,97,0.841941,2214497737.34000000
20220909,5,4,35348,7,0.019803,6947868729.74000000
20220909,5,5,1,0,0.000000,46870.86000000
20220909,5,6,24422,7,0.028663,61259097.25000000
20220909,5,7,9441,1,0.010592,2646399062.38000000
20220909,6,2,34240,0,0.000000,9298559472.68000000
20220909,6,3,138756,762,0.549165,213805015558.05000000
20220909,6,4,401554,62,0.015440,208787903921.05000000
20220909,6,5,12,0,0.000000,38175.93000000
20220909,6,6,279451,36,0.012882,912340138.78000000
20220909,6,7,106542,21,0.019711,45852064507.25000000
20220909,7,2,2531,0,0.000000,188958950224.25000000
20220909,7,3,9627,65,0.675184,818462441308.42000000
20220909,7,4,29573,7,0.023670,2197234813962.09000000
20220909,7,5,1,0,0.000000,18427132.51000000
20220909,7,6,20667,5,0.024193,18046711419.39000000
20220909,7,7,7840,3,0.038265,453229318047.84000000
20220909,8,2,21373,0,0.000000,5186114165.45000000
20220909,8,3,83166,505,0.607219,21692969530.01000000
20220909,8,4,252418,49,0.019412,58682429594.20000000
20220909,8,5,5,0,0.000000,427.24000000
20220909,8,6,176927,25,0.014130,493620664.39000000
20220909,8,7,67015,10,0.014922,22282216569.43000000
20220909,9,2,3,0,0.000000,0.00458500
20220909,9,3,13,0,0.000000,1.60956800
20220909,9,5,54287,14,0.025789,1309005.02542000
20220909,10,2,2793,0,0.000000,1361741990.44000000
20220909,10,3,9317,38,0.407857,6030825027.90000000
20220909,10,4,32259,10,0.030999,18061409423.28000000
20220909,10,5,1,0,0.000000,2008.86000000
20220909,10,6,22554,4,0.017735,106294177.90000000
20220909,10,7,8631,1,0.011586,4874653925.26000000
20220909,11,2,2479,0,0.000000,19305897753.65000000
20220909,11,3,8860,12,0.135440,61019375101.17000000
20220909,11,4,29600,5,0.016892,162510203757.45000000
20220909,11,6,20418,3,0.014693,1865819430.12000000
20220909,11,7,7767,1,0.012875,58842675397.17000000
20220909,12,2,4201,0,0.000000,7222588900.71000000
20220909,12,3,14620,44,0.300958,26165302196.74000000
20220909,12,4,49899,6,0.012024,54178833360.51000000
20220909,12,5,2,0,0.000000,64698.12000000
20220909,12,6,34392,2,0.005815,393416194.47000000
20220909,12,7,13238,1,0.007554,21456898710.72000000
20220909,13,2,1929,0,0.000000,2345259123.17000000
20220909,13,3,6405,8,0.124902,8589207713.62000000
20220909,13,4,22352,1,0.004474,44369121270.50000000
20220909,13,6,15395,1,0.006496,302397810.89000000
20220909,13,7,6046,2,0.033080,13432115770.87000000
20220909,14,2,2512,0,0.000000,680872126.23000000
20220909,14,3,9084,11,0.121092,4230551525.29000000
20220909,14,4,29839,4,0.013405,8533255265.56000000
20220909,14,5,1,0,0.000000,8585.60000000
20220909,14,6,20460,3,0.014663,61807183.34000000
20220909,14,7,7964,4,0.050226,2926582694.71000000
20220909,15,2,2231,0,0.000000,48528436871.35000000
20220909,15,3,8326,37,0.444391,331699365342.86000000
20220909,15,4,25665,8,0.031171,951094825830.26000000
20220909,15,5,1,0,0.000000,25785266.20000000
20220909,15,6,17797,3,0.016857,9357295373.36000000
20220909,15,7,6879,2,0.029074,357867929665.80000000
20220910,1,2,2117,0,0.000000,2444771231.28000000
20220910,1,3,9910,147,1.483350,74503728689.72000000
20220910,1,4,23393,7,0.029923,85625800815.93000000
20220910,1,5,1,0,0.000000,8285415.23000000
20220910,1,6,19312,2,0.010356,345685167.24000000
20220910,1,7,5951,1,0.016804,9373659530.76000000
20220910,2,2,1056,0,0.000000,142754818.37000000
20220910,2,3,3757,22,0.585574,16064143944.86000000
20220910,2,4,11360,2,0.017606,2665535946.91000000
20220910,2,5,1,0,0.000000,164.55000000
20220910,2,6,9293,1,0.010761,29663760.13000000
20220910,2,7,2858,0,0.000000,667941256.93000000
20220910,3,2,929,0,0.000000,11256802860.78000000
20220910,3,3,3476,67,1.927503,75091296292.54000000
20220910,3,4,10312,2,0.019395,351128783253.58000000
20220910,3,6,8336,2,0.023992,3073759582.59000000
20220910,3,7,2610,1,0.038314,264142599411.09000000
20220910,4,2,514,0,0.000000,279260909.67000000
20220910,4,3,1741,14,0.804136,1474707266.95000000
20220910,4,4,5926,0,0.000000,2542914666.47000000
20220910,4,5,1,0,0.000000,715.92000000
20220910,4,6,4883,0,0.000000,45579001.88000000
20220910,4,7,1525,1,0.065574,1035027066.24000000
20220910,5,2,948,0,0.000000,104322563.83000000
20220910,5,3,3887,105,2.701312,1115981423.42000000
20220910,5,4,10499,1,0.009525,1238269339.08000000
20220910,5,6,8556,0,0.000000,15797826.71000000
20220910,5,7,2736,0,0.000000,585320177.26000000
20220910,6,2,10608,0,0.000000,1466788257.40000000
20220910,6,3,46850,807,1.722519,40711294160.16000000
20220910,6,4,119001,24,0.020168,28384661175.64000000
20220910,6,5,2,0,0.000000,646.16000000
20220910,6,6,97771,22,0.022502,235004156.92000000
20220910,6,7,30257,5,0.016525,7866247646.17000000
20220910,7,2,761,0,0.000000,34122883365.95000000
20220910,7,3,3437,62,1.803899,76234281009.08000000
20220910,7,4,8745,2,0.022870,437721597482.44000000
20220910,7,6,7405,0,0.000000,5091734858.78000000
20220910,7,7,2233,0,0.000000,75530072970.22000000
20220910,8,2,6644,0,0.000000,888801482.39000000
20220910,8,3,28194,558,1.979144,36174616846.01000000
20220910,8,4,74700,17,0.022758,8925784731.94000000
20220910,8,5,2,0,0.000000,291.30000000
20220910,8,6,62258,6,0.009637,127048640.05000000
20220910,8,7,19031,5,0.026273,3157692919.44000000
20220910,9,2,2,0,0.000000,0.01472800
20220910,9,3,7,0,0.000000,0.03185200
20220910,9,5,18036,9,0.049900,135094.87223500
20220910,10,2,852,0,0.000000,177653659.52000000
20220910,10,3,3286,40,1.217285,3268280524.83000000
20220910,10,4,9631,0,0.000000,2704002326.14000000
20220910,10,6,7832,1,0.012768,27234897.43000000
20220910,10,7,2474,0,0.000000,811834713.93000000
20220910,11,2,760,0,0.000000,1962379315.82000000
20220910,11,3,2789,5,0.179276,13111205415.75000000
20220910,11,4,8789,0,0.000000,29240615872.55000000
20220910,11,6,7163,2,0.027921,491591278.73000000
20220910,11,7,2222,0,0.000000,13009103970.47000000
20220910,12,2,1280,0,0.000000,1037543887.81000000
20220910,12,3,5373,41,0.763075,4050195557.62000000
20220910,12,4,14709,2,0.013597,7565636220.94000000
20220910,12,5,1,0,0.000000,300.00000000
20220910,12,6,11857,2,0.016868,100409754.71000000
20220910,12,7,3775,0,0.000000,3053597549.04000000
20220910,13,2,600,0,0.000000,290849051.35000000
20220910,13,3,2009,14,0.696864,1831870053.79000000
20220910,13,4,6574,5,0.076057,4944316259.71000000
20220910,13,6,5379,1,0.018591,77542056.21000000
20220910,13,7,1661,2,0.120409,2064951018.08000000
20220910,14,2,811,0,0.000000,76802161.83000000
20220910,14,3,2915,15,0.514580,824780624.58000000
20220910,14,4,8903,2,0.022464,1001249714.66000000
20220910,14,6,7115,3,0.042164,16145980.80000000
20220910,14,7,2248,0,0.000000,488237417.49000000
20220910,15,2,714,0,0.000000,10237680215.67000000
20220910,15,3,2614,51,1.951033,19835418321.16000000
20220910,15,4,7572,2,0.026413,188433298031.95000000
20220910,15,6,6161,1,0.016231,2719243145.72000000
20220910,15,7,1973,0,0.000000,28317829412.96000000
20220911,1,2,2120,0,0.000000,2444771226.00000000
20220911,1,3,9436,130,1.377702,29790980109.64000000
20220911,1,4,23388,3,0.012827,24319167991.46000000
20220911,1,5,1,0,0.000000,8285415.23000000
20220911,1,6,19318,5,0.025883,345857479.23000000
20220911,1,7,5951,0,0.000000,9373659530.76000000
20220911,2,2,1054,0,0.000000,142754817.82000000
20220911,2,3,3620,31,0.856354,9084844305.46000000
20220911,2,4,11357,4,0.035221,2660274155.72000000
20220911,2,5,1,0,0.000000,164.55000000
20220911,2,6,9281,1,0.010775,29654728.03000000
20220911,2,7,2858,1,0.034990,667941256.93000000
20220911,3,2,929,0,0.000000,11256802860.78000000
20220911,3,3,3042,86,2.827087,133400862725.37000000
20220911,3,4,10319,0,0.000000,351149919028.43000000
20220911,3,6,8344,2,0.023969,3067864609.25000000
20220911,3,7,2610,1,0.038314,264142599411.09000000
20220911,4,2,514,0,0.000000,279260909.67000000
20220911,4,3,1795,11,0.612813,817034906.19000000
20220911,4,4,5932,1,0.016858,14179896128.73000000
20220911,4,5,1,0,0.000000,715.92000000
20220911,4,6,4880,0,0.000000,45589290.79000000
20220911,4,7,1525,0,0.000000,1035027066.24000000
20220911,5,2,948,0,0.000000,104322563.86000000
20220911,5,3,3946,115,2.914344,764129440.85000000
20220911,5,4,10487,2,0.019071,1238277726.49000000
20220911,5,6,8559,2,0.023367,15807057.90000000
20220911,5,7,2736,1,0.036550,585320177.26000000
20220911,6,2,10596,0,0.000000,1466786333.02000000
20220911,6,3,47417,794,1.674505,51401288333.33000000
20220911,6,4,119022,24,0.020164,19405472042.97000000
20220911,6,5,2,0,0.000000,646.16000000
20220911,6,6,97755,8,0.008184,235151577.09000000
20220911,6,7,30257,6,0.019830,7866252986.11000000
20220911,7,2,761,0,0.000000,34122883365.95000000
20220911,7,3,2986,45,1.507033,348663486045.29000000
20220911,7,4,8748,0,0.000000,438084631279.52000000
20220911,7,6,7421,1,0.013475,5090303278.21000000
20220911,7,7,2233,1,0.044783,75530072970.22000000
20220911,8,2,6646,0,0.000000,888801481.20000000
20220911,8,3,28039,492,1.754699,10318740313.45000000
20220911,8,4,74702,15,0.020080,8678325072.03000000
20220911,8,5,2,0,0.000000,291.30000000
20220911,8,6,62254,3,0.004819,127104681.37000000
20220911,8,7,19031,3,0.015764,3157692919.44000000
20220911,9,2,3,0,0.000000,0.00527000
20220911,9,3,11,0,0.000000,0.07054600
20220911,9,5,18403,16,0.086942,134288.11716200
20220911,10,2,852,0,0.000000,177653659.52000000
20220911,10,3,3027,29,0.958044,740996018.87000000
20220911,10,4,9626,3,0.031166,4887878384.86000000
20220911,10,6,7824,3,0.038344,27233910.36000000
20220911,10,7,2474,0,0.000000,811834713.93000000
20220911,11,2,760,0,0.000000,1962379315.82000000
20220911,11,3,2851,13,0.455980,28329696805.42000000
20220911,11,4,8800,1,0.011364,28995450351.17000000
20220911,11,6,7158,2,0.027941,491830268.09000000
20220911,11,7,2222,0,0.000000,13009103970.47000000
20220911,12,2,1280,0,0.000000,1037543887.81000000
20220911,12,3,4529,28,0.618238,24264424921.66000000
20220911,12,4,14701,2,0.013605,7567156952.38000000
20220911,12,5,1,0,0.000000,300.00000000
20220911,12,6,11858,1,0.008433,100322031.53000000
20220911,12,7,3775,1,0.026490,3053597549.04000000
20220911,13,2,600,0,0.000000,290849051.35000000
20220911,13,3,1976,8,0.404858,2796065902.17000000
20220911,13,4,6570,1,0.015221,4943839276.06000000
20220911,13,6,5383,2,0.037154,77563207.76000000
20220911,13,7,1661,0,0.000000,2064951018.08000000
20220911,14,2,811,0,0.000000,76802161.83000000
20220911,14,3,2859,12,0.419727,654533580.45000000
20220911,14,4,8924,2,0.022411,1004998482.15000000
20220911,14,6,7129,0,0.000000,16142949.63000000
20220911,14,7,2248,0,0.000000,488237417.49000000
20220911,15,2,714,0,0.000000,10237680215.67000000
20220911,15,3,2591,51,1.968352,194440319138.60000000
20220911,15,4,7566,1,0.013217,188420708976.47000000
20220911,15,6,6159,1,0.016236,2725208015.28000000
20220911,15,7,1973,1,0.050684,28317829412.96000000
20220912,1,2,5323,0,0.000000,6819803299.77000000
20220912,1,3,19751,123,0.622753,37579262315.31000000
20220912,1,4,58739,10,0.017024,86960949219.42000000
20220912,1,5,1,0,0.000000,8285415.23000000
20220912,1,6,42057,6,0.014266,949639298.14000000
20220912,1,7,15031,2,0.013306,28312094892.42000000
20220912,2,2,2619,0,0.000000,453822134.04000000
20220912,2,3,7478,36,0.481412,1681587835.67000000
20220912,2,4,27982,10,0.035737,6930420682.63000000
20220912,2,5,2,0,0.000000,179.54000000
20220912,2,6,20105,1,0.004974,79064641.23000000
20220912,2,7,7092,0,0.000000,2520354568.52000000
20220912,3,2,2362,0,0.000000,46202010258.28000000
20220912,3,3,6499,97,1.492537,165652143303.09000000
20220912,3,4,25428,4,0.015731,833139004459.75000000
20220912,3,6,18042,3,0.016628,9085290188.98000000
20220912,3,7,6475,0,0.000000,653321904254.80000000
20220912,4,2,1295,0,0.000000,1159370054.23000000
20220912,4,3,3920,12,0.306122,5431730642.21000000
20220912,4,4,14781,3,0.020296,9792765751.51000000
20220912,4,5,1,0,0.000000,715.92000000
20220912,4,6,10588,4,0.037779,127611072.19000000
20220912,4,7,3884,0,0.000000,5504201445.49000000
20220912,5,2,2410,0,0.000000,368931596.04000000
20220912,5,3,7534,104,1.380409,2073297485.95000000
20220912,5,4,26311,3,0.011402,4082120867.63000000
20220912,5,6,18742,5,0.026678,42857043.35000000
20220912,5,7,6803,1,0.014699,1420733035.15000000
20220912,6,2,27296,0,0.000000,4799226941.13000000
20220912,6,3,91812,761,0.828868,69455409181.22000000
20220912,6,4,297281,62,0.020856,58627551821.27000000
20220912,6,5,10,0,0.000000,4472.58000000
20220912,6,6,212944,35,0.016436,640799299.86000000
20220912,6,7,77006,15,0.019479,21963340650.30000000
20220912,7,2,1993,0,0.000000,150194509043.69000000
20220912,7,3,6186,51,0.824442,570488046574.13000000
20220912,7,4,21929,3,0.013681,1236232423435.32000000
20220912,7,6,15811,5,0.031624,11760168050.53000000
20220912,7,7,5668,2,0.035286,277022458820.90000000
20220912,8,2,17039,0,0.000000,2738232337.07000000
20220912,8,3,55260,540,0.977199,26945889574.20000000
20220912,8,4,186914,36,0.019260,28974540799.14000000
20220912,8,5,4,0,0.000000,300.53000000
20220912,8,6,135053,15,0.011107,345178244.41000000
20220912,8,7,48293,7,0.014495,10291829927.23000000
20220912,9,2,4,0,0.000000,0.02567400
20220912,9,3,7,0,0.000000,0.02219100
20220912,9,5,42711,14,0.032778,451729.45508000
20220912,10,2,2221,0,0.000000,673876812.90000000
20220912,10,3,5870,32,0.545145,1808749411.33000000
20220912,10,4,24154,6,0.024841,7686588368.63000000
20220912,10,5,1,0,0.000000,2008.86000000
20220912,10,6,17218,6,0.034847,74517632.93000000
20220912,10,7,6259,2,0.031954,2249108387.49000000
20220912,11,2,1974,0,0.000000,5352172317.15000000
20220912,11,3,5813,16,0.275245,26663404445.96000000
20220912,11,4,22011,4,0.018173,95233499196.82000000
20220912,11,6,15639,2,0.012789,1295477826.36000000
20220912,11,7,5677,2,0.035230,34368794789.69000000
20220912,12,2,3343,0,0.000000,3215106834.46000000
20220912,12,3,9165,31,0.338243,23068834987.11000000
20220912,12,4,36966,10,0.027052,28648159095.85000000
20220912,12,5,1,0,0.000000,300.00000000
20220912,12,6,26132,6,0.022960,275795328.65000000
20220912,12,7,9611,0,0.000000,10452514585.71000000
20220912,13,2,1533,0,0.000000,1019555575.95000000
20220912,13,3,4002,12,0.299850,3760782552.90000000
20220912,13,4,16479,3,0.018205,17240393908.38000000
20220912,13,6,11718,1,0.008534,212569665.15000000
20220912,13,7,4364,0,0.000000,7311098900.77000000
20220912,14,2,2012,0,0.000000,446300835.97000000
20220912,14,3,5509,15,0.272282,2797726712.76000000
20220912,14,4,22103,2,0.009049,3756393744.87000000
20220912,14,5,1,0,0.000000,8585.60000000
20220912,14,6,15588,1,0.006415,42942671.06000000
20220912,14,7,5738,2,0.034855,1316977469.53000000
20220912,15,2,1746,0,0.000000,33112704000.60000000
20220912,15,3,5114,50,0.977708,317461132345.74000000
20220912,15,4,19186,3,0.015636,464165844360.64000000
20220912,15,5,1,0,0.000000,25785266.20000000
20220912,15,6,13613,2,0.014692,6517495176.77000000
20220912,15,7,5002,1,0.019992,100602039689.94000000
20220913,1,2,5328,0,0.000000,6819803313.29000000
20220913,1,3,19467,156,0.801356,74049079064.21000000
20220913,1,4,58727,8,0.013622,86898527356.24000000
20220913,1,5,1,0,0.000000,8285415.23000000
20220913,1,6,42072,4,0.009508,949691547.56000000
20220913,1,7,15031,4,0.026612,28312094892.42000000
20220913,2,2,2620,0,0.000000,453822134.21000000
20220913,2,3,7027,33,0.469617,3819490090.39000000
20220913,2,4,27992,7,0.025007,6903867473.14000000
20220913,2,5,2,0,0.000000,179.54000000
20220913,2,6,20102,7,0.034822,79057536.90000000
20220913,2,7,7092,0,0.000000,2520354568.52000000
20220913,3,2,2362,0,0.000000,46202010258.28000000
20220913,3,3,6439,95,1.475384,285468792790.10000000
20220913,3,4,25418,6,0.023605,833553612864.14000000
20220913,3,6,18033,2,0.011091,9086996172.47000000
20220913,3,7,6474,3,0.046339,653321803569.80000000
20220913,4,2,1295,0,0.000000,1159370054.23000000
20220913,4,3,3495,11,0.314735,3082711773.40000000
20220913,4,4,14774,2,0.013537,9791755699.69000000
20220913,4,5,1,0,0.000000,715.92000000
20220913,4,6,10584,0,0.000000,127529915.64000000
20220913,4,7,3884,0,0.000000,5504201445.49000000
20220913,5,2,2407,0,0.000000,368931595.82000000
20220913,5,3,7327,101,1.378463,1632556813.52000000
20220913,5,4,26314,5,0.019001,4080728885.16000000
20220913,5,6,18752,4,0.021331,42814922.81000000
20220913,5,7,6803,2,0.029399,1420733035.15000000
20220913,6,2,27296,0,0.000000,4799228407.28000000
20220913,6,3,92042,826,0.897416,73421039651.92000000
20220913,6,4,297255,52,0.017493,59398370411.28000000
20220913,6,5,10,0,0.000000,4472.58000000
20220913,6,6,212969,30,0.014087,640716151.11000000
20220913,6,7,77005,18,0.023375,21963323414.38000000
20220913,7,2,1993,0,0.000000,150194509005.28000000
20220913,7,3,6263,57,0.910107,568754916215.16000000
20220913,7,4,21928,6,0.027362,1236226948537.83000000
20220913,7,6,15818,1,0.006322,11758851648.20000000
20220913,7,7,5668,1,0.017643,277022458820.90000000
20220913,8,2,17034,0,0.000000,2738232311.01000000
20220913,8,3,54463,516,0.947432,23457766902.25000000
20220913,8,4,186831,38,0.020339,28256629840.23000000
20220913,8,5,4,0,0.000000,300.53000000
20220913,8,6,135030,21,0.015552,345103515.76000000
20220913,8,7,48293,10,0.020707,10291829927.23000000
20220913,9,2,2,0,0.000000,0.02216500
20220913,9,3,12,0,0.000000,0.03436400
20220913,9,5,42774,14,0.032730,495727.17981900
20220913,10,2,2221,0,0.000000,673876812.90000000
20220913,10,3,5833,50,0.857192,2908698355.60000000
20220913,10,4,24141,2,0.008285,7616738468.07000000
20220913,10,5,1,0,0.000000,2008.86000000
20220913,10,6,17224,5,0.029029,74533606.12000000
20220913,10,7,6259,0,0.000000,2249108387.49000000
20220913,11,2,1974,0,0.000000,5352172317.15000000
20220913,11,3,6074,18,0.296345,34076885072.63000000
20220913,11,4,22013,2,0.009086,95236507114.46000000
20220913,11,6,15636,5,0.031977,1295461543.21000000
20220913,11,7,5677,1,0.017615,34368794789.69000000
20220913,12,2,3342,0,0.000000,3215106834.41000000
20220913,12,3,9060,35,0.386313,11262695206.27000000
20220913,12,4,36965,7,0.018937,28679574929.21000000
20220913,12,5,1,0,0.000000,300.00000000
20220913,12,6,26129,6,0.022963,275804854.77000000
20220913,12,7,9611,1,0.010405,10452514585.71000000
20220913,13,2,1533,0,0.000000,1019555575.95000000
20220913,13,3,3963,15,0.378501,5357883088.21000000
20220913,13,4,16465,3,0.018220,17238840637.13000000
20220913,13,6,11716,5,0.042677,212560739.11000000
20220913,13,7,4364,2,0.045830,7311098900.77000000
20220913,14,2,2012,0,0.000000,446300835.97000000
20220913,14,3,5613,17,0.302868,768163207.29000000
20220913,14,4,22110,3,0.013569,3756841970.83000000
20220913,14,5,1,0,0.000000,8585.60000000
20220913,14,6,15583,0,0.000000,42942580.80000000
20220913,14,7,5738,0,0.000000,1316977469.53000000
20220913,15,2,1746,0,0.000000,33112704000.60000000
20220913,15,3,5315,50,0.940734,117411399141.77000000
20220913,15,4,19185,4,0.020850,464165168722.54000000
20220913,15,5,1,0,0.000000,25785266.20000000
20220913,15,6,13605,1,0.007350,6519181874.94000000
20220913,15,7,5002,3,0.059976,100602039689.94000000
20220914,1,2,5332,0,0.000000,6819803307.78000000
20220914,1,3,19515,138,0.707148,31154772945.81000000
20220914,1,4,58720,10,0.017030,88364783063.91000000
20220914,1,5,1,0,0.000000,8285415.23000000
20220914,1,6,42043,8,0.019028,949609580.28000000
20220914,1,7,15031,2,0.013306,28312094892.42000000
20220914,2,2,2620,0,0.000000,453822134.20000000
20220914,2,3,7510,39,0.519308,2413221852.59000000
20220914,2,4,27994,3,0.010717,6905702281.46000000
20220914,2,5,2,0,0.000000,179.54000000
20220914,2,6,20101,1,0.004975,79107956.81000000
20220914,2,7,7092,0,0.000000,2520354568.52000000
20220914,3,2,2362,0,0.000000,46202010258.28000000
20220914,3,3,6371,109,1.710877,472663139474.01000000
20220914,3,4,25429,3,0.011798,833665084180.68000000
20220914,3,6,18040,3,0.016630,9154292670.21000000
20220914,3,7,6474,0,0.000000,653321803569.80000000
20220914,4,2,1295,0,0.000000,1159370054.23000000
20220914,4,3,3644,5,0.137212,3373014568.07000000
20220914,4,4,14784,1,0.006764,9793364774.17000000
20220914,4,5,1,0,0.000000,715.92000000
20220914,4,6,10581,0,0.000000,127630538.95000000
20220914,4,7,3884,0,0.000000,5504201445.49000000
20220914,5,2,2410,0,0.000000,368931596.02000000
20220914,5,3,7530,84,1.115538,1660425257.00000000
20220914,5,4,26319,3,0.011399,4081409977.03000000
20220914,5,6,18738,5,0.026684,42879210.80000000
20220914,5,7,6804,0,0.000000,1420733206.10000000
20220914,6,2,27296,0,0.000000,4799229055.90000000
20220914,6,3,93894,854,0.909536,92248509951.12000000
20220914,6,4,297275,61,0.020520,59065096389.05000000
20220914,6,5,10,0,0.000000,4472.58000000
20220914,6,6,212964,35,0.016435,641304941.28000000
20220914,6,7,77005,17,0.022076,21963338987.48000000
20220914,7,2,1992,0,0.000000,150194509003.53000000
20220914,7,3,6108,64,1.047806,634324653812.34000000
20220914,7,4,21954,6,0.027330,1236297753186.40000000
20220914,7,6,15806,1,0.006327,11762149346.78000000
20220914,7,7,5668,1,0.017643,277022458820.90000000
20220914,8,2,17033,0,0.000000,2738232337.07000000
20220914,8,3,54914,518,0.943293,20534303400.70000000
20220914,8,4,186812,29,0.015524,28735726003.05000000
20220914,8,5,4,0,0.000000,300.53000000
20220914,8,6,135040,25,0.018513,345193304.86000000
20220914,8,7,48293,13,0.026919,10291829927.23000000
20220914,9,2,2,0,0.000000,0.01901200
20220914,9,3,9,0,0.000000,0.03894600
20220914,9,5,42595,19,0.044606,563299.79373800
20220914,10,2,2221,0,0.000000,673876812.90000000
20220914,10,3,5952,47,0.789651,3110330038.59000000
20220914,10,4,24142,3,0.012426,7904654262.21000000
20220914,10,5,1,0,0.000000,2008.86000000
20220914,10,6,17234,3,0.017407,74523098.81000000
20220914,10,7,6259,2,0.031954,2249108387.49000000
20220914,11,2,1974,0,0.000000,5352172317.15000000
20220914,11,3,5525,13,0.235294,39834148099.05000000
20220914,11,4,22001,1,0.004545,95230760233.94000000
20220914,11,6,15659,3,0.019158,1295283676.57000000
20220914,11,7,5677,3,0.052845,34368794789.69000000
20220914,12,2,3342,0,0.000000,3215106834.37000000
20220914,12,3,9282,25,0.269339,25979049442.92000000
20220914,12,4,36979,9,0.024338,28652247193.81000000
20220914,12,5,1,0,0.000000,300.00000000
20220914,12,6,26126,6,0.022966,275806948.60000000
20220914,12,7,9611,4,0.041619,10452514585.71000000
20220914,13,2,1533,0,0.000000,1019555575.95000000
20220914,13,3,3918,16,0.408372,3154009901.02000000
20220914,13,4,16466,2,0.012146,17239573974.44000000
20220914,13,6,11715,0,0.000000,212554325.29000000
20220914,13,7,4364,0,0.000000,7311098900.77000000
20220914,14,2,2012,0,0.000000,446300835.97000000
20220914,14,3,5521,10,0.181127,2163265011.20000000
20220914,14,4,22102,2,0.009049,3756819101.68000000
20220914,14,5,1,0,0.000000,8585.60000000
20220914,14,6,15583,4,0.025669,42945839.33000000
20220914,14,7,5738,0,0.000000,1316977469.53000000
20220914,15,2,1746,0,0.000000,33112704000.60000000
20220914,15,3,5156,49,0.950349,441930725188.89000000
20220914,15,4,19193,3,0.015631,464176101147.73000000
20220914,15,5,1,0,0.000000,25785266.20000000
20220914,15,6,13619,1,0.007343,6519284935.45000000
20220914,15,7,5002,0,0.000000,100602039689.94000000
20220915,1,2,5327,0,0.000000,6819803307.86000000
20220915,1,3,19552,169,0.864362,61409857167.12000000
20220915,1,4,58728,11,0.018730,86891629379.52000000
20220915,1,5,1,0,0.000000,8285415.23000000
20220915,1,6,42074,6,0.014261,949756612.32000000
20220915,1,7,15031,4,0.026612,28312094892.42000000
20220915,2,2,2621,0,0.000000,453822134.37000000
20220915,2,3,7510,29,0.386152,7030354748.41000000
20220915,2,4,27990,3,0.010718,6925078873.54000000
20220915,2,5,2,0,0.000000,179.54000000
20220915,2,6,20109,4,0.019892,79043127.20000000
20220915,2,7,7092,1,0.014100,2520354568.52000000
20220915,3,2,2362,0,0.000000,46202010258.28000000
20220915,3,3,6467,91,1.407144,169245437895.28000000
20220915,3,4,25427,3,0.011798,833477999992.06000000
20220915,3,6,18042,2,0.011085,9085972454.37000000
20220915,3,7,6474,0,0.000000,653321803569.80000000
20220915,4,2,1295,0,0.000000,1159370054.23000000
20220915,4,3,3668,6,0.163577,2806813983.99000000
20220915,4,4,14778,1,0.006767,9792465739.14000000
20220915,4,5,1,0,0.000000,715.92000000
20220915,4,6,10580,3,0.028355,127619929.29000000
20220915,4,7,3884,0,0.000000,5504201445.49000000
20220915,5,2,2408,0,0.000000,368931595.99000000
20220915,5,3,7546,76,1.007156,1773849011.03000000
20220915,5,4,26318,5,0.018998,4145668319.98000000
20220915,5,6,18730,2,0.010678,42815046.11000000
20220915,5,7,6803,1,0.014699,1420733035.15000000
20220915,6,2,27290,0,0.000000,4799227368.38000000
20220915,6,3,92925,806,0.867366,121947899914.95000000
20220915,6,4,297207,56,0.018842,59031984957.73000000
20220915,6,5,10,0,0.000000,4472.58000000
20220915,6,6,212933,37,0.017376,640787523.80000000
20220915,6,7,77004,23,0.029869,21963321751.56000000
20220915,7,2,1993,0,0.000000,150194509005.10000000
20220915,7,3,6125,65,1.061224,471408026699.18000000
20220915,7,4,21934,1,0.004559,1236238904454.30000000
20220915,7,6,15808,2,0.012652,11761221445.14000000
20220915,7,7,5668,0,0.000000,277022458820.90000000
20220915,8,2,17034,0,0.000000,2738232312.01000000
20220915,8,3,54389,552,1.014911,26147237091.13000000
20220915,8,4,186817,34,0.018200,28311682140.03000000
20220915,8,5,4,0,0.000000,300.53000000
20220915,8,6,135048,21,0.015550,345095752.65000000
20220915,8,7,48293,11,0.022778,10291829927.23000000
20220915,9,2,3,0,0.000000,0.00292500
20220915,9,3,6,0,0.000000,0.07495300
20220915,9,5,42849,19,0.044342,502462.89216200
20220915,10,2,2221,0,0.000000,673876812.90000000
20220915,10,3,6078,46,0.756828,1668190442.73000000
20220915,10,4,24142,4,0.016569,7613054686.92000000
20220915,10,5,1,0,0.000000,2008.86000000
20220915,10,6,17231,3,0.017410,74570552.53000000
20220915,10,7,6259,1,0.015977,2249108387.49000000
20220915,11,2,1974,0,0.000000,5352172317.15000000
20220915,11,3,5503,10,0.181719,36095723242.60000000
20220915,11,4,22009,5,0.022718,95315332764.88000000
20220915,11,6,15658,4,0.025546,1294985124.41000000
20220915,11,7,5677,2,0.035230,34368794789.69000000
20220915,12,2,3341,0,0.000000,3215106834.32000000
20220915,12,3,9103,21,0.230693,23134436388.41000000
20220915,12,4,36971,8,0.021639,28649150159.45000000
20220915,12,5,1,0,0.000000,300.00000000
20220915,12,6,26119,6,0.022972,275794218.70000000
20220915,12,7,9611,4,0.041619,10452514585.71000000
20220915,13,2,1533,0,0.000000,1019555575.95000000
20220915,13,3,4248,18,0.423729,5522930593.33000000
20220915,13,4,16471,3,0.018214,17387620459.59000000
20220915,13,6,11720,2,0.017065,212526741.01000000
20220915,13,7,4364,1,0.022915,7311098900.77000000
20220915,14,2,2013,0,0.000000,446300836.36000000
20220915,14,3,5652,24,0.424628,770630141.16000000
20220915,14,4,22118,4,0.018085,3779666199.23000000
20220915,14,5,1,0,0.000000,8585.60000000
20220915,14,6,15573,4,0.025685,42957867.07000000
20220915,14,7,5738,0,0.000000,1316977469.53000000
20220915,15,2,1746,0,0.000000,33112704000.60000000
20220915,15,3,5370,29,0.540037,105324566761.99000000
20220915,15,4,19188,7,0.036481,464170356009.68000000
20220915,15,5,1,0,0.000000,25785266.20000000
20220915,15,6,13622,3,0.022023,6518871433.26000000
20220915,15,7,5002,0,0.000000,100602039689.94000000
20220916,1,2,8217,0,0.000000,27998763258.18000000
20220916,1,3,33934,186,0.548123,117320508553.75000000
20220916,1,4,91581,15,0.016379,334734712362.19000000
20220916,1,5,1,0,0.000000,8285415.23000000
20220916,1,6,63338,10,0.015788,1838927211.07000000
20220916,1,7,24952,6,0.024046,121479858147.43000000
20220916,2,2,4058,0,0.000000,2742073547.11000000
20220916,2,3,13500,28,0.207407,8232220453.43000000
20220916,2,4,43590,8,0.018353,30871718549.68000000
20220916,2,5,4,0,0.000000,2821.91000000
20220916,2,6,30052,8,0.026621,156472689.95000000
20220916,2,7,11765,4,0.033999,10441913745.24000000
20220916,3,2,3645,0,0.000000,166542728721.38000000
20220916,3,3,11764,88,0.748045,763075566037.33000000
20220916,3,4,39354,6,0.015246,2229688539530.67000000
20220916,3,5,1,0,0.000000,5672928.24000000
20220916,3,6,27021,8,0.029607,18881699005.79000000
20220916,3,7,10807,2,0.018507,1287878502125.01000000
20220916,4,2,2014,0,0.000000,2569975789.76000000
20220916,4,3,6467,11,0.170094,11593572568.30000000
20220916,4,4,22868,8,0.034983,58773515285.85000000
20220916,4,5,2,0,0.000000,17497.08000000
20220916,4,6,15704,4,0.025471,243061583.58000000
20220916,4,7,6341,2,0.031541,22237780418.54000000
20220916,5,2,3690,0,0.000000,1068062126.80000000
20220916,5,3,13356,93,0.696316,8539799787.79000000
20220916,5,4,40733,8,0.019640,13972184159.85000000
20220916,5,5,1,0,0.000000,46870.86000000
20220916,5,6,27900,7,0.025090,84171062.11000000
20220916,5,7,11267,0,0.000000,5340023796.39000000
20220916,6,2,42148,0,0.000000,19691609260.07000000
20220916,6,3,160202,802,0.500618,189638941469.25000000
20220916,6,4,460788,70,0.015191,237713530070.60000000
20220916,6,5,17,0,0.000000,138006.96000000
20220916,6,6,317686,40,0.012591,1244431183.43000000
20220916,6,7,126659,30,0.023686,92029442140.80000000
20220916,7,2,3110,0,0.000000,404419188551.11000000
20220916,7,3,11229,88,0.783685,3161774460804.04000000
20220916,7,4,33915,4,0.011794,3690189786367.28000000
20220916,7,5,1,0,0.000000,18427132.51000000
20220916,7,6,23499,7,0.029789,26315630851.88000000
20220916,7,7,9331,6,0.064302,889649916444.72000000
20220916,8,2,26368,0,0.000000,11966103898.73000000
20220916,8,3,94643,533,0.563169,50456399971.68000000
20220916,8,4,289595,50,0.017265,122670744067.85000000
20220916,8,5,6,0,0.000000,456.00000000
20220916,8,6,200989,30,0.014926,670841494.47000000
20220916,8,7,79478,15,0.018873,50811912332.67000000
20220916,9,2,6,0,0.000000,0.01221000
20220916,9,3,10,0,0.000000,0.14091600
20220916,9,5,63190,19,0.030068,2722496.98403300
20220916,10,2,3419,0,0.000000,2255799154.30000000
20220916,10,3,10851,46,0.423924,9621922449.42000000
20220916,10,4,36920,6,0.016251,28866026213.81000000
20220916,10,5,1,0,0.000000,2008.86000000
20220916,10,6,25587,4,0.015633,143996673.72000000
20220916,10,7,10277,1,0.009730,7673830221.03000000
20220916,11,2,3073,0,0.000000,31234318787.06000000
20220916,11,3,9988,17,0.170204,113587798203.97000000
20220916,11,4,33980,4,0.011772,395463936138.53000000
20220916,11,6,23238,4,0.017213,2621601987.60000000
20220916,11,7,9227,2,0.021676,134393811489.01000000
20220916,12,2,5220,0,0.000000,17496148850.87000000
20220916,12,3,16608,19,0.114403,24514910302.21000000
20220916,12,4,57302,9,0.015706,123266696212.29000000
20220916,12,5,2,0,0.000000,64698.12000000
20220916,12,6,39109,5,0.012785,535513392.05000000
20220916,12,7,15796,1,0.006331,46540224575.01000000
20220916,13,2,2334,0,0.000000,3854184683.28000000
20220916,13,3,7322,7,0.095602,17479610807.46000000
20220916,13,4,25589,3,0.011724,71700467902.29000000
20220916,13,6,17454,2,0.011459,405666216.30000000
20220916,13,7,7136,1,0.014013,22632691085.13000000
20220916,14,2,3142,0,0.000000,1138462301.63000000
20220916,14,3,10415,13,0.124820,6173969304.08000000
20220916,14,4,34343,7,0.020383,18060552425.54000000
20220916,14,5,1,0,0.000000,8585.60000000
20220916,14,6,23314,4,0.017157,85083135.13000000
20220916,14,7,9481,1,0.010547,4838776969.49000000
20220916,15,2,2729,0,0.000000,96739090296.32000000
20220916,15,3,9357,47,0.502298,307745120575.37000000
20220916,15,4,29482,8,0.027135,1452726698813.54000000
20220916,15,5,1,0,0.000000,25785266.20000000
20220916,15,6,20219,4,0.019783,13133053150.58000000
20220916,15,7,8152,5,0.061335,506412831210.11000000
20220917,1,3,245,125,51.020408,14670480718.18000000
20220917,2,3,10,3,30.000000,88718847.04000000
20220917,3,3,94,63,67.021277,89840584609.21000000
20220917,4,3,1,1,100.000000,22360.09000000
20220917,5,3,69,45,65.217391,4771424.74000000
20220917,6,3,790,485,61.392405,1168880528.40000000
20220917,7,3,96,53,55.208333,918155586398.12000000
20220917,8,3,638,378,59.247649,1766561176.05000000
20220917,10,3,24,24,100.000000,318124.45000000
20220917,11,3,1,1,100.000000,165015.34000000
20220917,12,3,1,1,100.000000,23647.86000000
20220917,15,3,51,20,39.215686,631927798593.43000000
20220918,1,3,178,82,46.067416,393533186.11000000
20220918,2,3,8,5,62.500000,116727.84000000
20220918,3,3,68,38,55.882353,6539228974.20000000
20220918,4,3,2,1,50.000000,104246.41000000
20220918,5,3,52,34,65.384615,950461.50000000
20220918,6,3,651,405,62.211982,1412165497.40000000
20220918,7,3,91,38,41.758242,1023585005.97000000
20220918,8,3,473,274,57.928118,811322639.24000000
20220918,10,3,14,13,92.857143,28750916.16000000
20220918,12,3,3,3,100.000000,98893.00000000
20220918,15,3,51,23,45.098039,369553157.30000000
20220919,1,3,139,62,44.604317,89268852.70000000
20220919,2,3,5,1,20.000000,48099.57000000
20220919,3,3,42,25,59.523810,29403724.28000000
20220919,5,3,42,29,69.047619,1075051.85000000
20220919,6,3,494,316,63.967611,1726974241.65000000
20220919,7,3,53,27,50.943396,42471243469.13000000
20220919,8,3,372,209,56.182796,135600357.63000000
20220919,9,5,1,1,100.000000,1.40054000
20220919,10,3,6,4,66.666667,92322.65000000
20220919,12,3,1,1,100.000000,2134770831.45000000
20220919,15,3,40,20,50.000000,30004226.86000000
20220920,1,3,101,50,49.504950,89424667.12000000
20220920,2,3,2,0,0.000000,26759.28000000
20220920,3,3,27,15,55.555556,19297434.31000000
20220920,5,3,18,16,88.888889,212528126.43000000
20220920,6,3,362,231,63.812155,17344055.46000000
20220920,7,3,27,8,29.629630,832215493.98000000
20220920,8,3,286,155,54.195804,244484561.26000000
20220920,10,3,3,2,66.666667,56834.71000000
20220920,12,3,3,3,100.000000,117543.14000000
20220920,13,3,1,1,100.000000,52599.03000000
20220920,15,3,25,11,44.000000,18269646.71000000
20220921,1,3,66,35,53.030303,9723753.97000000
20220921,3,3,12,9,75.000000,5698653.35000000
20220921,5,3,10,8,80.000000,48580.82000000
20220921,6,3,248,142,57.258065,7852624.73000000
20220921,7,3,27,9,33.333333,324843893.31000000
20220921,8,3,209,124,59.330144,12525644.97000000
20220921,10,3,1,1,100.000000,27013.32000000
20220921,15,3,13,8,61.538462,8720369.46000000
20220922,1,3,43,22,51.162791,2486713.64000000
20220922,2,3,2,1,50.000000,32023.47000000
20220922,3,3,14,13,92.857143,12190381.74000000
20220922,5,3,8,6,75.000000,50171.80000000
20220922,6,3,113,66,58.407080,543410339.29000000
20220922,7,3,13,7,53.846154,42939286546.88000000
20220922,8,3,99,60,60.606061,160926306.53000000
20220922,10,3,1,1,100.000000,18387.09000000
20220922,14,3,1,1,100.000000,1523.98000000
20220922,15,3,15,7,46.666667,8560885.21000000
20220923,1,3,21,14,66.666667,1153474.29000000
20220923,3,3,2,2,100.000000,1551973.62000000
20220923,6,3,66,45,68.181818,660057.89000000
20220923,7,3,5,4,80.000000,4283692.41000000
20220923,8,3,39,18,46.153846,334670.43000000
20220923,15,3,1,1,100.000000,835251.91000000
20220924,1,3,10,6,60.000000,771089.45000000
20220924,2,3,1,1,100.000000,18060.84000000
20220924,3,3,2,2,100.000000,1789221.24000000
20220924,5,3,2,2,100.000000,9449.84000000
20220924,6,3,49,32,65.306122,606543.42000000
20220924,7,3,4,2,50.000000,4530946.72000000
20220924,8,3,34,18,52.941176,9391046.17000000
20220924,15,3,2,2,100.000000,1765635.12000000
20220925,1,3,4,2,50.000000,250357.01000000
20220925,6,3,54,26,48.148148,932877.76000000
20220925,7,3,3,3,100.000000,2716926.72000000
20220925,8,3,40,27,67.500000,725231.91000000
20220925,15,3,1,1,100.000000,1220899.96000000
20220926,1,3,10,3,30.000000,110876554.21000000
20220926,3,3,1,1,100.000000,1469769.76000000
20220926,6,3,25,16,64.000000,283280.36000000
20220926,7,3,1,1,100.000000,2029489.81000000
20220926,8,3,21,15,71.428571,19320213.84000000
20220926,15,3,1,1,100.000000,1072955.12000000
20220927,1,3,3,2,66.666667,219828.37000000
20220927,6,3,12,6,50.000000,109841.80000000
20220927,8,3,9,5,55.555556,72767.63000000
20220927,15,3,1,1,100.000000,1105591.72000000
20220928,1,3,2,1,50.000000,89590.47000000
20220928,6,3,3,0,0.000000,31102.19000000
20220928,8,3,2,2,100.000000,15127.11000000
