bank_key,bank_id,bank_name
4,12377,France Bank #259
227,25418,France Bank #165
381,151596,Japan Bank #184
420,49162,National Bank of the North
462,144764,China Bank #620
740,221200,National Bank of Boston
801,252944,Japan Bank #253
858,24833,First Bank of the South
1005,142805,Arbor Cooperative Bank
1152,177771,National Bank of Milford
1213,1137,Greece Bank #277
1266,162189,India Bank #25
1334,160474,India Bank #120
1509,14,Spain Bank #32
1628,26241,Bank of Lincoln
1855,236983,China Bank #21
1915,266457,Savings Bank of Seattle
1931,217504,Germany Bank #325
1987,215784,Sappo Savings Bank
2060,116385,Slovakia Bank #113
2070,27904,First Bank of Arkadelphia
2232,138336,Spain Bank #890
2546,78911,First Bank of Huron
2547,22620,Germany Bank #607
2600,29598,National Bank of Philadelphia
2820,129528,First Bank of Harrisburg
2838,269232,First Bank of Huron
2861,21832,Finland Bank #684
2934,2142416,Mexico Bank #98
2958,159678,India Bank #103
2996,5965,Bank of Harrisburg
3100,9376,National Bank of Butte
3142,26504,Netherlands Bank #495
3150,24750,Spruce Cooperative Bank
3170,15,Russia Bank #72
3236,19769,China Bank #62
3322,235889,China Bank #237
3345,1209449,Crytpo Bank #26
3496,158381,Hearthstone Savings Bank
3635,242826,Savings Bank of Lacrosse
3672,249457,National Bank of Omaha
3694,36326,China Bank #44
3873,110968,First Bank of Watertown
4075,196902,UK Bank #57
4083,193279,First Bank of Denver
4116,2131507,Australia Bank #177
4177,12763,Germany Bank #48
4193,170473,National Bank of Miami
4207,271673,Italy Bank #807
4275,1180722,Israel Bank #63
4326,112934,Savings Bank of Portsmouth
4491,34319,Spain Bank #585
4575,277109,Golden Trust Bank
4590,229609,China Bank #231
4652,211154,Regents Trust Bank
4671,2,China Bank #55
4745,21710,France Bank #94
4815,257575,Slovakia Bank #1011
4849,156525,Brazil Bank #65
5180,1211444,Crytpo Bank #31
5236,259893,India Bank #63
5256,1203,Israel Bank #16
5302,36897,Oak Cooperative Bank
5325,10536,Savings Bank of Lincoln
5404,245398,Germany Bank #72
5473,4214,Bank of Springfield
5727,167064,India Bank #169
5729,76716,National Bank of Augusta
5735,26830,Bank of Springfield
5767,40304,France Bank #2711
6030,123424,Golden Bancorp
6128,160226,India Bank #0
6179,142662,Mexico Bank #49
6212,121111,First Bank of Houston
6364,16000,Italy Bank #351
6372,10906,Spain Bank #298
6439,36925,China Bank #75
6581,166302,National Bank of Bridgeport
6614,21138,Savings Bank of Chicago
6693,279511,Russia Bank #200
6742,17559,Sappo Bancorp
6811,110229,Canada Bank #107
6865,42983,Spain Bank #3847
6912,18824,Oasis Federal Bank
6968,252706,Savings Bank of Fort Wayne
7051,213197,Greece Bank #919
7065,159430,India Bank #96
7142,69280,Bank of Boston
7155,219680,Savings Bank of Fairfield
7269,167593,Switzerland Bank #71
7428,19959,Slovakia Bank #362
7470,1938,Finland Bank #20
7484,1109792,Canada Bank #108
7485,212174,Crytpo Bank #50
7517,7030,Savings Bank of Portland
7619,194930,UK Bank #131
7707,63074,National Bank of Madison
7807,270495,National Bank of Butte
7893,153290,Savings Bank of Pittsburgh
7924,294248,UK Bank #10
7991,94379,UK Bank #128
8066,27543,National Bank of Detroit
8072,13,Japan Bank #28
8108,223769,Golden Cooperative Bank
8201,37262,First Bank of Phoenix
8208,225755,France Bank #166
8229,183371,Ireland Bank #5020
8233,242855,Savings Bank of Detroit
8290,8456,Savings Bank of Providence
8359,111,Australia Bank #53
8404,7061,National Bank of Chicago
8534,221648,Germany Bank #438
8592,144868,China Bank #727
8608,232913,National Bank of Chicago
8692,167112,Switzerland Bank #58
8877,61411,India Bank #101
8979,1116576,Acme Trust Bank
8986,159478,India Bank #80
9085,25699,Spain Bank #199
9119,224073,Savings Bank of Newbury
9427,131458,Future Credit Union
9440,34715,China Bank #228
9461,120997,First Bank of Newport
9654,238261,Acme Thrift
9681,265090,National Bank of Milford
9975,76131,National Bank of Tampa
9999,111667,National Bank of Lincoln
10132,13676,Sunrise Federal Bank
10135,25268,Future Savings Bank
10336,43766,China Bank #336
10364,14778,Flagstone Federal Bank
10450,260675,India Bank #105
10451,28905,China Bank #230
10515,236213,China Bank #273
10542,135161,China Bank #9
10622,137089,China Bank #76
10630,5610,Sea Thrift
10678,15852,France Bank #7
10730,127565,Germany Bank #1501
10757,54621,Japan Bank #13
10761,188230,Israel Bank #31
10769,277726,Russia Bank #168
10909,123469,National Bank of Lacrosse
10918,193675,UK Bank #62
11088,22794,Spain Bank #23
11117,99552,UK Bank #86
11200,235971,China Bank #156
11211,219342,Italy Bank #501
11315,249492,France Bank #2320
11376,46526,First Bank of Indianapolis
11419,21976,Italy Bank #835
11446,2143905,Mexico Bank #19
11538,2105844,Golden Bank
11669,63262,Bank of Butte
11795,1181597,Israel Bank #92
11847,98620,UK Bank #189
11866,218354,Savings Bank of Pittsburgh
11994,10975,Savings Bank of Danbury
12011,125850,Italy Bank #513
12054,1181810,Israel Bank #77
12072,127723,France Bank #2124
12145,1148,Germany Bank #146
12172,12869,Lithuania Bank #979
12258,181621,Russia Bank #224
12436,46350,China Bank #134
12450,29,Australia Bank #3
12452,25025,Oasis Federal Bank
12513,2117186,Hilltop Federal Bank
12582,218608,National Bank of Miami
12585,2127249,Australia Bank #86
12607,17690,Estonia Bank #369
12712,111736,Bank of New York
12760,240838,China Bank #497
12822,24168,Germany Bank #67
12859,127790,Germany Bank #125
12952,242061,Savings Bank of Newbury
13025,16582,First Bank of Watertown
13033,254896,China Bank #714
13076,214976,Slovakia Bank #828
13143,1124918,Australia Bank #65
13275,20937,Sunrise Bank
13290,11907,Savings Bank of Miami
13292,225431,The Pine Savings Bank
13298,147055,National Bank of Madison
13407,66188,Spain Bank #313
13412,122252,Plandor Trust Bank
13493,265987,India Bank #14
13605,239107,China Bank #33
13845,1,France Bank #59
13923,212362,Crytpo Bank #20
13991,8903,Bank of Portsmouth
14038,165858,Savings Bank of Topeka
14111,38871,Germany Bank #1718
14240,2202368,Saudi Arabia Bank #43
14256,153756,Bank of Plattsburg
14304,150224,Japan Bank #16
14309,234466,China Bank #460
14369,139967,Germany Bank #5172
14460,1111870,Brownstone Trust Bank
14494,29319,France Bank #238
14683,124800,Australia Bank #62
14782,2129461,Australia Bank #115
14800,225981,Italy Bank #3030
14840,119206,Germany Bank #27
14843,34024,Slovenia Bank #184
14861,115,Switzerland Bank #35
15126,95518,UK Bank #107
15174,260500,India Bank #115
15312,16915,France Bank #76
15316,22320,Italy Bank #340
15372,23506,Germany Bank #272
15392,122300,National Bank of Omaha
15514,256086,Willows Cooperative Bank
15581,213784,Netherlands Bank #473
15634,1538,Germany Bank #99
15701,133473,Flagstone Thrift
15821,33128,Savings Bank of Cleveland
15858,210330,France Bank #361
15860,122097,Italy Bank #504
15892,18857,Spain Bank #496
15896,35832,First Bank of the South
15982,45888,First Bank of the West
16121,1213,Italy Bank #270
16139,1209474,Crytpo Bank #25
16204,1112858,Canada Bank #122
16258,275092,Russia Bank #171
16272,172103,Russia Bank #107
16310,225664,Germany Bank #407
16364,237006,China Bank #107
16387,219727,Belgium Bank #388
16413,19737,Fieldstone Thrift
16432,23780,Italy Bank #437
16458,214853,Brook Thrift
16463,149038,Japan Bank #20
16523,1553,Netherlands Bank #182
16610,21015,France Bank #39
16619,169876,Baltech Credit Union
16638,2035,Lithuania Bank #35
16707,11260,Oak Cooperative Bank
16778,217678,Savings Bank of Augusta
16796,55207,National Bank of Tampa
16872,212332,Savings Bank of Topeka
16898,234541,China Bank #101
16963,2175657,First Bank of Los Angeles
17003,116493,Germany Bank #116
17091,139674,China Bank #120
17133,212859,Germany Bank #276
17171,293268,UK Bank #8
17238,161736,India Bank #32
17289,226049,Finland Bank #1086
17325,162503,First Bank of Pittsburgh
17329,221118,Plateau Credit Union
17365,7770,National Bank of Columbus
17392,218426,National Bank of Helena
17427,55079,Bank of Danbury
17455,212288,Germany Bank #112
17501,138195,China Bank #272
17581,2044,France Bank #170
17635,1166034,Switzerland Bank #41
17691,215272,City National Federal Bank
17758,211,Australia Bank #56
17783,115803,Italy Bank #413
17904,1166979,Switzerland Bank #72
17933,1156265,Brazil Bank #58
17942,7410,Spain Bank #350
18181,7537,France Bank #618
18226,116312,Netherlands Bank #95
18516,11054,Italy Bank #538
18580,28313,Bank of Columbus
18607,151474,Golden Savings Bank
18711,2127147,Australia Bank #90
18724,213780,Portugal Bank #106
18880,138987,China Bank #138
18922,11316,Mountain Federal Bank
18988,142155,China Bank #281
18990,172128,Russia Bank #25
18992,12,France Bank #62
19021,215945,National Bank of Springfield
19024,39282,Plandor Thrift
19067,29655,First Bank of Indianapolis
19231,214686,Bank of Sacramento
19297,247662,Ireland Bank #3056
19309,137305,National Bank of Houston
19311,2184737,Israel Bank #179
19347,25444,Savings Bank of Fort Wayne
19477,2776,Future Bancorp
19580,243704,National Bank of Phoenix
19703,159692,India Bank #47
19705,1108539,Canada Bank #118
19773,120389,Belgium Bank #142
19845,159640,India Bank #93
19879,2110935,Canada Bank #105
19895,76141,Spain Bank #5005
19967,210142,Spain Bank #286
19987,1182290,Israel Bank #94
20019,123621,National Bank of New Orleans
20040,193455,UK Bank #37
20175,274066,Russia Bank #94
20201,31224,France Bank #3252
20253,48016,Japan Bank #123
20270,125319,Australia Bank #68
20308,12068,Germany Bank #550
20329,211182,Crytpo Bank #21
20399,115036,Bank of Topeka
20478,2122160,Canada Bank #102
20646,36496,Hearthstone Savings Bank
20669,235390,China Bank #160
20818,55436,Japan Bank #200
20838,1148568,Mexico Bank #142
21027,278904,Russia Bank #76
21050,99927,UK Bank #208
21059,211420,Belgium Bank #509
21163,273696,Russia Bank #31
21203,19803,France Bank #950
21225,20703,Italy Bank #1592
21268,181813,Israel Bank #95
21356,134999,Savings Bank of Philadelphia
21386,158750,First Bank of Springfield
21483,75101,Russia Bank #132
21773,243528,China Bank #104
21784,28474,Capital Savings Bank
21788,2116640,Canada Bank #170
21808,295516,UK Bank #101
21854,113841,Italy Bank #159
21858,239080,Spain Bank #1703
21870,2126907,Australia Bank #81
21897,17,Crytpo Bank #11
22004,247627,China Bank #627
22186,115541,Desert Federal Bank
22246,51314,Japan Bank #146
22293,82398,First Bank of Butte
22324,110,Australia Bank #52
22421,18,UK Bank #2
22428,1315,Bank of Newport
22477,230346,National Bank of Danbury
22562,120961,Greece Bank #1129
22609,37534,First Bank of Cleveland
22747,161863,Brownstone Trust Bank
22765,172725,Croatia Bank #1568
22817,1108523,Canada Bank #34
22937,228608,Italy Bank #1352
22945,7611,France Bank #221
22957,16121,Germany Bank #210
23088,179249,Russia Bank #264
23154,29869,China Bank #70
23300,53987,France Bank #275
23354,220048,France Bank #381
23429,258069,Savings Bank of Boston
23444,1208,Savings Bank of the South
23446,30351,Germany Bank #1302
23496,240289,China Bank #1689
23504,5435,France Bank #744
23537,21280,National Bank of Phoenix
23727,4011,Regents Savings Bank
23748,172156,Russia Bank #109
23823,233575,Italy Bank #4806
23860,2182290,Israel Bank #70
23907,247191,Savings Bank of Portland
23930,209264,Crytpo Bank #12
23956,298199,Flagstone Cooperative Bank
24031,12983,France Bank #89
24316,8917,Savings Bank of Madison
24486,148221,Bank of Milford
24531,125437,Germany Bank #123
24617,741,First Bank of Plattsburg
24625,1167089,Switzerland Bank #66
24701,125106,Savings Bank of Dallas
24729,7618,Italy Bank #83
24759,28348,Savings Bank of Fairfield
24802,129449,France Bank #209
24916,265536,Bank of Newport
25097,22184,Spain Bank #90
25142,13843,Bank of Portland
25157,2120454,Canada Bank #37
25173,296992,UK Bank #12
25226,106467,Italy Bank #8246
25237,161749,India Bank #6
25265,116674,Hearthstone Thrift
25318,243044,Germany Bank #1648
25459,23572,Austria Bank #470
25556,51969,Japan Bank #175
25604,176915,Russia Bank #155
25664,243620,Bank of Albany
25682,2167692,Switzerland Bank #57
25696,10,UK Bank #99
25701,27143,China Bank #35
25775,125255,National Bank of Indianapolis
25851,29533,France Bank #185
25934,4292,First Bank of Harrisburg
25981,124874,Australia Bank #60
26016,201837,Saudi Arabia Bank #21
26019,177137,Russia Bank #160
26072,21,China Bank #16
26177,116063,Germany Bank #266
26194,50612,Savings Bank of Albany
26217,249712,Netherlands Bank #2970
26294,243311,Netherlands Bank #660
26319,1108270,Canada Bank #32
26352,161761,India Bank #144
26743,26,India Bank #84
26800,131127,Australia Bank #132
26817,369,Germany Bank #248
26898,229215,National Bank of Montpelier
26915,19137,France Bank #2905
26919,23122,Greece Bank #295
26937,11315,Germany Bank #61
26947,23683,Bank of Fort Wayne
27002,42607,Italy Bank #316
27046,15647,Spain Bank #202
27047,171761,Savings Bank of New Orleans
27147,10094,Savings Bank of Tuscon
27213,32425,Bank of Portland
27331,14992,Golden Federal Bank
27360,152532,Netherlands Bank #4558
27364,197012,UK Bank #134
27401,2183005,Israel Bank #56
27409,232428,Spain Bank #235
27473,19070,Spain Bank #191
27531,217066,Greece Bank #620
27642,37048,National Bank of Providence
27655,221373,Savings Bank of Chicago
27717,214,First Bank of Dallas
27723,22112,Germany Bank #3218
27737,19302,Finland Bank #2803
27742,194968,UK Bank #122
27791,201998,Saudi Arabia Bank #34
27801,45920,China Bank #1071
27818,216388,China Bank #37
27823,26967,Spruce Savings Bank
27905,29463,First Bank of Sacramento
27908,151602,Japan Bank #49
27941,17525,Plandor Bancorp
27954,132502,Italy Bank #750
27958,224275,Brook Trust Bank
28044,13612,Netherlands Bank #133
28098,237303,China Bank #275
28145,2183025,Israel Bank #55
28164,116,Switzerland Bank #36
28193,1209574,Crytpo Bank #27
28220,218456,France Bank #278
28263,235671,Sappo Community Bank
28352,1109598,Canada Bank #53
28414,139890,Savings Bank of Tampa
28462,16809,Desert Trust Bank
28572,15325,First Bank of Miami
28590,4339,Italy Bank #411
28657,83840,Bank of Boston
28669,29817,Savings Bank of Butte
28760,171221,Russia Bank #101
28777,51153,France Bank #1895
28831,123,Crytpo Bank #8
28879,38110,China Bank #77
28985,2129145,Australia Bank #110
29105,215070,Plandor Credit Union
29162,2214782,Crytpo Bank #62
29309,2156500,Brazil Bank #4
29317,211974,Belgium Bank #44
29318,13119,Malta Bank #105
29379,135385,Bank of Columbus
29452,1140210,Mexico Bank #48
29522,261418,First Bank of Butte
29602,2108832,Canada Bank #11
29750,240768,China Bank #61
29841,124667,Savings Bank of Portsmouth
29872,217,Switzerland Bank #38
29877,254463,Savings Bank of Omaha
29980,156278,Brazil Bank #63
29992,269176,First Bank of the East
30003,264284,India Bank #154
30027,224028,Italy Bank #878
30266,268218,India Bank #180
30442,219248,China Bank #42
30471,1114393,Canada Bank #159
30549,165620,National Bank of Los Angeles
30584,2597,Oasis Bancorp
30671,230636,Bank of Huron
30708,29504,Portugal Bank #150
30773,23128,National Bank of Butte
30821,210658,City National Federal Bank
30864,118815,Italy Bank #1073
30930,213434,France Bank #352
31131,155152,Japan Bank #212
31201,25731,Germany Bank #2673
31290,213723,First Bank of Dallas
31335,257259,Hilltop Bancorp
31366,272858,Savings Bank of Harrisburg
31413,11587,Heath Federal Bank
31433,2383,Spain Bank #71
31491,118693,First Bank of Topeka
31532,1216,Germany Bank #42
31598,60808,India Bank #119
31613,276002,Russia Bank #149
31633,250403,Japan Bank #55
31720,122953,Bank of Augusta
31768,220538,Sea Savings Bank
31848,26422,Austria Bank #3964
31875,197710,Sunrise Trust Bank
32095,50991,Japan Bank #153
32143,286495,Bank of Bridgeport
32192,11304,National Bank of Plattsburg
32260,22728,Germany Bank #194
32408,74925,Russia Bank #113
32433,35862,China Bank #143
32443,18366,Spain Bank #328
32562,179275,Russia Bank #212
32565,4548,Savings Bank of Boston
32601,116869,Germany Bank #420
32605,159578,Brazil Bank #172
32611,288507,Croatia Bank #7205
32677,8904,Bank of Butte
32687,182283,Israel Bank #114
32749,49572,Bank of Lincoln
32855,169908,First Bank of Madison
32973,214637,Crytpo Bank #320
33122,65537,India Bank #129
33162,212683,Greece Bank #285
33267,25864,Spain Bank #169
33420,142619,Portugal Bank #225
33472,264297,India Bank #39
33616,86665,National Bank of Danbury
33733,167523,Switzerland Bank #52
33745,274634,Russia Bank #111
33748,34953,Savings Bank of New Orleans
33830,123862,Netherlands Bank #284
33928,19814,Germany Bank #8
33971,268324,Austria Bank #376
34045,18527,Italy Bank #21
34116,201778,Saudi Arabia Bank #30
34181,28781,Savings Bank of Bridgeport
34245,65773,India Bank #107
34310,216970,First Bank of Springfield
34357,218968,France Bank #1117
34372,34627,China Bank #346
34383,50178,Italy Bank #4262
34401,14027,Savings Bank of Houston
34407,35364,China Bank #252
34411,223075,Netherlands Bank #506
34505,13729,Bank of Huron
34512,262657,Russia Bank #73
34541,8341,Oasis Community Bank
34604,157143,Brazil Bank #5
34816,115290,City National Bancorp
34838,2954,Savings Bank of Seattle
34866,111904,Italy Bank #1963
34923,236850,France Bank #1192
35113,260376,Bank of Tampa
35147,239729,National Bank of Augusta
35232,12893,France Bank #163
35302,11081,First Bank of Tuscon
35338,14374,Germany Bank #49
35344,2167121,Switzerland Bank #43
35492,29739,China Bank #74
35524,124373,Spain Bank #512
35540,266885,India Bank #195
35542,26564,Italy Bank #289
35641,264383,India Bank #203
35701,2109215,Canada Bank #13
35823,1110153,Savings Bank of the North
35889,217017,Italy Bank #243
35904,226186,Spain Bank #1350
35997,175092,China Bank #344
36044,167227,Switzerland Bank #107
36272,1167145,Switzerland Bank #60
36403,1180218,Israel Bank #58
36572,17569,Savings Bank of New Orleans
36605,22898,France Bank #114
36666,113,Brazil Bank #0
36710,1108613,Australia Bank #55
36747,29574,Savings Bank of Albany
36903,29236,Spain Bank #1572
36931,138605,France Bank #3810
36963,180560,Israel Bank #48
37009,35210,Bank of Fairfield
37165,160108,India Bank #97
37213,31317,Sunrise Cooperative Bank
37217,12456,France Bank #349
37218,12284,Spain Bank #730
37226,194780,UK Bank #46
37292,227535,Savings Bank of Indianapolis
37343,36274,China Bank #24
37348,216878,Spain Bank #619
37364,224833,Finland Bank #3616
37374,192419,UK Bank #14
37379,8882,Oak Credit Union
37386,16619,Savings Bank of Lincoln
37433,2310,Sunrise Community Bank
37601,115474,Flagstone Bancorp
37690,111783,First Bank of Topeka
37762,23375,Spain Bank #483
37798,282,Russia Bank #292
37846,55377,Japan Bank #237
37861,2112879,Canada Bank #163
38008,229157,Netherlands Bank #497
38256,177141,Russia Bank #154
38291,2210806,Crytpo Bank #41
38572,22054,Greece Bank #338
38642,20990,National Bank of Indianapolis
38715,121225,France Bank #432
38780,140373,Capital Savings Bank
38824,24798,Germany Bank #269
38957,1110055,Canada Bank #213
38969,2113212,Canada Bank #115
39026,150204,Japan Bank #130
39176,221697,Belgium Bank #446
39282,29556,National Bank of Philadelphia
39320,235909,China Bank #130
39326,165793,India Bank #23
39419,181616,Russia Bank #649
39447,1200819,Saudi Arabia Bank #68
39449,1166831,Switzerland Bank #75
39489,250249,Slovakia Bank #5142
39606,196461,UK Bank #215
39809,1141774,Mexico Bank #40
39913,39740,Regents Bancorp
39925,279590,Arbor Bancorp
39970,64987,Savings Bank of Milford
39982,18024,Regents Savings Bank
39992,216906,Italy Bank #487
40054,139429,China Bank #99
40173,33356,Sunrise Credit Union
40288,132966,Germany Bank #4733
40290,202007,Saudi Arabia Bank #24
40423,22690,Germany Bank #181
40431,123117,Golden Community Bank
40479,41892,China Bank #332
40492,13688,Savings Bank of Huron
40598,1140162,Mexico Bank #57
40694,212353,Desert Savings Bank
40719,139124,Future Federal Bank
40782,27753,France Bank #68
40794,210278,Germany Bank #1681
40807,122489,Italy Bank #453
40839,10315,Germany Bank #201
40949,12860,Greece Bank #929
40952,27907,Bank of the Valley
40984,6422,China Bank #32
41018,13016,First Bank of Huron
41027,153727,Japan Bank #183
41099,114728,Bank of Augusta
41124,113989,Plateau Thrift
41145,24555,National Bank of Plattsburg
41199,1210700,Crytpo Bank #33
41204,13247,Portugal Bank #1457
41253,165649,First Bank of Laramie
41305,23351,Belgium Bank #386
41317,39382,China Bank #15
41332,266915,Russia Bank #70
41452,2187921,Israel Bank #228
41489,867,The Pine Bank
41491,12351,National Bank of Billings
41550,226922,Hearthstone Bank
41589,24457,Flagstone Credit Union
41632,84563,Savings Bank of Newbury
41907,24689,First Bank of Harrisburg
41997,174777,Bank of Denver
42159,178900,Heath Trust Bank
42301,135106,China Bank #250
42348,117283,Bank of Fairfield
42391,22235,China Bank #27
42437,172204,Russia Bank #91
42508,252918,Acme Savings Bank
42700,274745,Russia Bank #118
42751,18822,Savings Bank of Butte
42761,1211650,Crytpo Bank #15
42852,164441,India Bank #164
43200,30037,Spain Bank #127
43222,162604,City National Savings Bank
43234,13864,First Bank of Portsmouth
43281,227093,Spain Bank #2394
43385,269112,India Bank #197
43387,2110317,Canada Bank #87
43397,1125491,Australia Bank #69
43613,55624,Japan Bank #194
43844,128961,France Bank #790
43870,237875,France Bank #1473
44097,148068,Belgium Bank #639
44123,216414,Germany Bank #439
44192,217059,Germany Bank #323
44238,39424,Japan Bank #5
44293,18184,China Bank #145
44535,160482,India Bank #113
44824,220,Israel Bank #18
44868,239863,Future Trust Bank
44900,2171010,Switzerland Bank #79
44907,123961,France Bank #30
44943,113528,Savings Bank of Springfield
45007,134888,Savings Bank of Indianapolis
45016,12582,Golden Cooperative Bank
45043,16792,City National Trust Bank
45096,146906,Golden Cooperative Bank
45120,168072,First Bank of Arkadelphia
45150,5838,Golden Credit Union
45158,113196,First Bank of Cleveland
45160,16645,Dawn Trust Bank
45180,171860,First Bank of Pittsburgh
45198,1125553,Australia Bank #66
45221,279758,Russia Bank #176
45252,2183539,Israel Bank #122
45503,196481,UK Bank #78
45532,27432,Italy Bank #1422
45586,137893,France Bank #8097
45595,225016,Bank of Providence
45652,297167,UK Bank #93
45703,11469,Germany Bank #25
45712,40531,China Bank #222
45742,2181233,Israel Bank #32
45749,179156,First Bank of the West
45753,134536,Finland Bank #1151
45803,128610,Australia Bank #92
45814,252069,Japan Bank #141
45854,129580,China Bank #148
45903,210842,Germany Bank #119
46031,33441,Spain Bank #912
46052,260153,Savings Bank of Boston
46133,22,Saudi Arabia Bank #11
46191,1210646,Crytpo Bank #34
46203,2143336,Mexico Bank #61
46277,166362,Switzerland Bank #46
46307,212191,The Pine Bank
46308,31928,Germany Bank #799
46395,34562,First Bank of Houston
46426,137064,China Bank #171
46517,230520,First Bank of Phoenix
46578,272140,Russia Bank #275
46607,110859,Bank of Topeka
46637,81301,Spain Bank #2701
46720,50442,Japan Bank #152
46766,171692,National Bank of Dallas
46782,1046,Brook Savings Bank
46794,1157150,Brazil Bank #100
46799,9043,Bank of Seattle
46813,2209882,Crytpo Bank #10
47023,295228,UK Bank #15
47147,15572,Germany Bank #431
47216,135165,China Bank #2
47261,234525,China Bank #270
47399,1166267,Switzerland Bank #55
47451,110104,Canada Bank #90
47527,35610,China Bank #92
47550,32700,Savings Bank of Laramie
47712,26989,Mountain Federal Bank
47759,172269,Plandor Bank
47847,50719,Japan Bank #162
47873,142444,Italy Bank #2546
47939,180537,Israel Bank #46
48045,112480,Canada Bank #174
48051,32525,First Bank of Montpelier
48165,182530,Israel Bank #506
48271,284944,Italy Bank #7191
48321,201608,Saudi Arabia Bank #22
48374,113543,Canada Bank #121
48383,18140,Japan Bank #14
48452,2186091,Israel Bank #39
48472,21811,Netherlands Bank #489
48575,27453,Dawn Federal Bank
48740,262126,India Bank #89
48765,29507,National Bank of Tuscon
48841,4,India Bank #45
48873,235832,Japan Bank #144
49146,114352,Savings Bank of Huron
49189,152330,Bank of Danbury
49341,3902,First Bank of New York
49395,51011,Japan Bank #188
49482,2167013,Switzerland Bank #20
49526,1106316,Bank of Newbury
49551,53620,Bank of Miami
49664,160648,India Bank #112
49665,159975,Flagstone Community Bank
49671,235752,Savings Bank of Newport
49676,121546,Italy Bank #274
49712,268104,India Bank #85
49797,143213,Mexico Bank #84
49810,12285,Netherlands Bank #283
49864,37875,China Bank #1361
49929,111247,Plateau Bancorp
49983,148067,Portugal Bank #1636
50007,61191,National Bank of Huron
50116,26016,Germany Bank #1084
50167,40850,Japan Bank #15
50250,2126126,Australia Bank #79
50334,171456,Hearthstone Bancorp
50351,2110787,Canada Bank #50
50432,1197974,France Bank #2818
50455,8285,Heath Federal Bank
50520,2213197,Crytpo Bank #46
50572,29765,China Bank #38
50630,25837,China Bank #165
50678,114706,First Bank of Fairfield
50712,182063,Israel Bank #84
50821,11034,Portugal Bank #455
50903,17604,Germany Bank #217
50913,18500,Savings Bank of Augusta
50931,253568,Oak Bank
51156,240210,Savings Bank of Huron
51258,48976,China Bank #1151
51314,72269,Russia Bank #80
51489,243938,Japan Bank #248
51558,5569,Italy Bank #22
51626,110200,Bank of Albany
51652,11686,Spain Bank #389
51807,112,Mexico Bank #27
51830,127022,Australia Bank #0
51914,229839,China Bank #82
52013,55690,Japan Bank #204
52027,181251,Israel Bank #100
52101,24830,First Bank of Augusta
52133,167372,Switzerland Bank #53
52147,173481,Russia Bank #85
52159,187400,Israel Bank #155
52161,298720,Sappo Thrift
52164,221765,France Bank #442
52191,246061,China Bank #2226
52284,66228,National Bank of Milford
52300,20810,Germany Bank #383
52333,24658,Spain Bank #2595
52341,1142048,Mexico Bank #71
52431,243187,Bank of Newbury
52434,272896,Russia Bank #141
52448,1503,Germany Bank #31
52541,229623,Bank of Huron
52667,119335,Spain Bank #492
52696,29691,Portugal Bank #1694
52908,16890,Germany Bank #1510
52975,160480,India Bank #108
52982,3556,National Bank of Milford
53284,296864,UK Bank #6
53315,51255,Japan Bank #97
53663,1140119,Mexico Bank #52
53716,5510,Germany Bank #281
53803,13347,Spruce Thrift
53888,57486,Future Community Bank
53890,55328,Japan Bank #254
54028,295119,Canada Bank #25
54096,10601,Savings Bank of New York
54162,23804,Greece Bank #499
54325,227230,Belgium Bank #345
54327,11798,Savings Bank of Watertown
54352,15830,Germany Bank #848
54371,115295,First Bank of Omaha
54423,218719,Greece Bank #1772
54462,285617,First Bank of Denver
54534,195899,UK Bank #100
54664,27,UK Bank #1
54779,15767,Spain Bank #256
54807,1200955,Saudi Arabia Bank #29
54813,176237,Russia Bank #128
54814,124323,France Bank #546
54886,142620,Mexico Bank #59
54936,137029,Italy Bank #9297
55011,133809,Hilltop Cooperative Bank
55045,231671,France Bank #4495
55100,211026,Germany Bank #37
55279,218827,Bank of Pittsburgh
55374,1124978,Australia Bank #61
55385,138453,China Bank #94
55493,220124,China Bank #48
55553,223529,First Bank of the South
55589,120523,National Bank of Montpelier
55624,7793,Sea Trust Bank
55640,118247,China Bank #127
55659,76789,Germany Bank #3032
55703,131185,Future Savings Bank
55705,28291,Bank of Albany
55743,239258,Bank of Watertown
55748,38449,Italy Bank #803
55759,213,Brazil Bank #45
55804,119259,China Bank #233
55838,134252,Japan Bank #61
55891,235422,China Bank #19
55935,221053,Savings Bank of Milford
56107,240391,Japan Bank #163
56119,95525,First Bank of Laramie
56183,166991,Switzerland Bank #56
56209,108812,Canada Bank #29
56366,242795,Heath Credit Union
56587,277240,Russia Bank #153
56608,124909,Dawn Credit Union
56705,156591,Brazil Bank #54
56714,108815,Canada Bank #91
56730,14993,Willows Credit Union
56759,182089,Israel Bank #17
57025,23241,Greece Bank #475
57082,117305,Netherlands Bank #103
57160,38319,China Bank #265
57176,8996,National Bank of Madison
57337,110851,Bank of Hartford
57391,34863,First Bank of Plattsburg
57396,23454,Finland Bank #207
57398,115230,Italy Bank #211
57501,57982,Sea Thrift
57507,118982,Canada Bank #252
57548,1347,Netherlands Bank #346
57560,104043,UK Bank #195
57599,172313,China Bank #1711
57632,1108586,Canada Bank #74
57636,46529,Bank of New Orleans
57642,129447,Estonia Bank #360
57663,120797,National Bank of Cleveland
57751,253053,Bank of Dallas
57792,112719,First Bank of Los Angeles
57820,15877,Germany Bank #177
57921,116567,Italy Bank #960
57928,175280,Switzerland Bank #1115
57959,39061,China Bank #882
58001,11853,Spain Bank #34
58103,61869,National Bank of Fort Wayne
58151,143625,China Bank #822
58210,2470,France Bank #306
58228,40999,China Bank #370
58309,42935,Savings Bank of New York
58339,2117209,Canada Bank #192
58419,283264,National Bank of Indianapolis
58448,216360,China Bank #180
58454,251758,Japan Bank #189
58464,44188,Germany Bank #1815
58520,268863,Italy Bank #1196
58609,24703,Plandor Federal Bank
58612,239461,China Bank #103
58626,15011,France Bank #118
58839,138713,China Bank #770
58849,224508,China Bank #97
58902,122739,Italy Bank #52
58946,1126098,Australia Bank #162
58977,139966,Italy Bank #178
59124,32628,Netherlands Bank #1826
59150,216324,China Bank #227
59195,1488,Savings Bank of Omaha
59241,1180412,Israel Bank #73
59302,21217,France Bank #45
59338,21418,National Bank of Milford
59369,2110980,Canada Bank #111
59420,226477,France Bank #1325
59451,110783,Germany Bank #1868
59513,275027,Russia Bank #110
59518,2144334,Mexico Bank #64
59546,242551,Portugal Bank #198
59637,2183669,Israel Bank #268
59647,13455,Bank of Topeka
59701,57107,First Bank of Cleveland
59709,51556,Slovakia Bank #1941
59773,239197,China Bank #325
59837,1154928,Brazil Bank #47
59902,6138,Bank of Billings
60003,7317,Bank of Harrisburg
60167,214872,Finland Bank #367
60321,165332,India Bank #18
60391,138994,China Bank #311
60426,2110919,Bank of Los Angeles
60506,121421,China Bank #3
60534,2183074,Israel Bank #90
60579,116510,Latvia Bank #82
60604,160525,India Bank #12
60738,144106,China Bank #683
60773,34338,China Bank #263
60827,24583,The Pine Community Bank
60874,2128664,Netherlands Bank #1919
60924,72230,Russia Bank #92
61047,213834,First Bank of the West
61079,212585,Crytpo Bank #14
61094,237149,Oak Bancorp
61137,152840,Japan Bank #241
61140,226997,France Bank #1974
61181,2126008,Australia Bank #46
61615,110790,Germany Bank #87
61676,112264,Italy Bank #817
61898,247841,Sea Community Bank
61976,8513,Bank of Butte
62036,113003,City National Trust Bank
62040,119948,Croatia Bank #402
62272,63854,India Bank #145
62331,2544,Spain Bank #342
62353,246807,Italy Bank #218
62418,143446,China Bank #1871
62425,18215,China Bank #25
62467,146041,Mexico Bank #55
62528,214285,National Bank of Topeka
62571,24924,Germany Bank #838
62625,121436,Italy Bank #336
62789,55926,Japan Bank #135
62820,131503,National Bank of Seattle
63057,128727,France Bank #472
63100,27974,Belgium Bank #722
63174,243028,Savings Bank of Denver
63303,34458,National Bank of Portsmouth
63322,121523,Germany Bank #189
63374,297435,UK Bank #49
63439,97663,National Bank of New Orleans
63443,115813,Savings Bank of the North
63479,110059,Acme Bank
63481,171918,Russia Bank #88
63581,176376,Belgium Bank #6816
63649,26629,Spain Bank #2459
63676,196972,UK Bank #269
63757,232211,France Bank #3086
63852,11848,Fieldstone Cooperative Bank
63962,2182090,Israel Bank #57
63993,23187,Spruce Credit Union
64119,244653,Future Savings Bank
64141,14821,Austria Bank #204
64155,181638,Israel Bank #76
64185,21990,Netherlands Bank #481
64200,22602,Italy Bank #41
64402,15379,Oak Credit Union
64457,4563,Spruce Bancorp
64473,260969,Russia Bank #83
64522,4609,Germany Bank #110
64537,184555,Savings Bank of Newbury
64580,17364,Spruce Bancorp
64619,1166984,Switzerland Bank #1
64683,171888,Russia Bank #84
64746,12963,Italy Bank #302
64777,236408,China Bank #232
64781,110478,Heath Community Bank
64865,251127,Baltech Trust Bank
64913,19675,Germany Bank #230
64947,19795,China Bank #207
64995,150211,Japan Bank #205
65078,126145,Germany Bank #523
65136,14350,Spain Bank #447
65331,253580,France Bank #5453
65383,8381,Heath Trust Bank
65434,132814,France Bank #263
65544,111554,National Bank of Hartford
65687,253451,Savings Bank of Seattle
65706,15978,Flagstone Credit Union
65733,235985,Bank of Fort Wayne
65743,156514,Brazil Bank #55
65752,117126,Canada Bank #167
65782,138597,Savings Bank of Cleveland
66143,115079,Arbor Trust Bank
66296,34402,China Bank #68
66326,78860,Russia Bank #219
66332,23602,Savings Bank of Chicago
66435,7385,Latvia Bank #467
66749,112140,National Bank of Providence
66810,213895,Bank of Portsmouth
66832,47750,First Bank of Huron
66919,2182618,Israel Bank #68
66933,215071,Savings Bank of New York
66985,237304,China Bank #209
67039,2167828,Switzerland Bank #65
67110,1183927,Israel Bank #156
67144,13600,Dawn Federal Bank
67206,38633,Bank of Springfield
67375,140811,Japan Bank #125
67525,2125596,Australia Bank #16
67622,25485,Croatia Bank #214
67702,114874,Italy Bank #451
67734,121396,Bank of Detroit
67880,56357,Bank of Houston
67891,166544,Dawn Thrift
68072,1182679,Israel Bank #218
68078,28720,Italy Bank #242
68117,18526,France Bank #55
68134,132965,France Bank #186
68135,211037,France Bank #216
68244,23,Japan Bank #118
68406,88956,Regents Trust Bank
68461,1180640,Israel Bank #81
68538,251958,Japan Bank #139
68548,2142968,Mexico Bank #66
68574,1701,France Bank #53
68673,88304,Germany Bank #2040
68674,63941,Brook Bank
68739,25828,First Bank of Fort Wayne
68847,157210,Japan Bank #245
68891,194692,Canada Bank #119
68991,230522,Bank of Denver
69007,24,Crytpo Bank #9
69024,247646,China Bank #190
69414,95274,UK Bank #129
69439,242337,First Bank of Miami
69447,13514,Bank of New York
69458,229750,Savings Bank of Laramie
69463,11520,Spain Bank #40
69522,261641,Hearthstone Savings Bank
69565,222473,Bank of Cleveland
69726,17291,Germany Bank #162
69737,11032,Desert Bancorp
70161,174634,Russia Bank #137
70197,285462,First Bank of Denver
70443,146435,Bank of Cleveland
70487,256525,The Pine Federal Bank
70491,138135,China Bank #49
70568,148136,Golden Credit Union
70639,22073,France Bank #101
70670,4191,Italy Bank #11
70754,263961,Bank of Newbury
70763,19200,Portugal Bank #394
70927,220255,Savings Bank of Sacramento
70979,220584,France Bank #1031
71165,110528,National Bank of Miami
71238,122537,Spain Bank #508
71269,112979,France Bank #421
71326,1158029,Brazil Bank #1
71452,12425,Germany Bank #60
71509,265520,Golden Credit Union
71587,215233,Savings Bank of Fairfield
71657,54908,Japan Bank #29
71698,79397,Russia Bank #211
71765,1211510,Crytpo Bank #42
71772,268356,National Bank of Indianapolis
71794,19337,China Bank #18
71814,263747,First Bank of Philadelphia
71821,24878,First Bank of Watertown
71891,246312,Bank of Chicago
71917,219685,Lithuania Bank #789
72088,41340,Regents Bancorp
72108,108743,Canada Bank #89
72312,149688,National Bank of Arkadelphia
72340,155306,First Bank of Watertown
72369,141807,China Bank #152
72387,47299,Japan Bank #102
72429,90556,Sea Cooperative Bank
72624,115887,China Bank #71
72631,148158,Sunrise Bancorp
72647,70,National Bank of Indianapolis
72661,145720,China Bank #214
72665,211943,Bank of the North
72669,38471,Spruce Credit Union
72683,75129,Russia Bank #89
72763,175986,Russia Bank #152
72764,219853,China Bank #125
72789,65399,India Bank #1
72821,19851,France Bank #128
72886,2108916,Canada Bank #2
73089,165540,India Bank #162
73129,113957,Fieldstone Cooperative Bank
73134,136903,China Bank #149
73254,277047,Russia Bank #145
73368,130172,Hearthstone Federal Bank
73660,155831,Germany Bank #884
73709,119,Israel Bank #37
73796,31562,Hearthstone Community Bank
73812,16315,First Bank of Harrisburg
73924,242683,China Bank #465
73952,210789,Germany Bank #36
74032,254225,Japan Bank #176
74038,9,Australia Bank #54
74043,40428,Savings Bank of Huron
74047,143234,Japan Bank #127
74075,3,Spain Bank #56
74147,39167,Greece Bank #5187
74203,249814,Bank of Huron
74225,293924,UK Bank #5
74236,221413,First Bank of Madison
74314,4252,China Bank #57
74388,27485,France Bank #1286
74454,26134,Acme Bancorp
74456,2109303,Canada Bank #56
74468,5665,First Bank of New York
74509,29689,Savings Bank of Seattle
74510,26682,National Bank of Fort Wayne
74598,130191,Spain Bank #700
74633,114667,Germany Bank #179
74729,40692,Bank of Danbury
74916,544,National Bank of New Orleans
74943,22483,France Bank #161
74988,12883,Greece Bank #124
75042,230242,Acme Cooperative Bank
75134,211052,The Pine Bank
75224,96559,UK Bank #148
75243,34340,Bank of Seattle
75423,215647,Italy Bank #46
75454,152270,Savings Bank of Chicago
75504,127430,Spain Bank #84
75513,12180,Italy Bank #51
75530,66937,Germany Bank #474
75618,151989,Japan Bank #180
75673,74061,Russia Bank #114
75704,126831,Savings Bank of Pittsburgh
75735,154527,Japan Bank #210
75782,221260,Brownstone Community Bank
75859,15240,First Bank of Seattle
75874,67329,India Bank #380
75900,11194,First Bank of Miami
76000,357,Germany Bank #414
76001,224668,China Bank #22
76049,18252,Savings Bank of Topeka
76103,115955,Italy Bank #356
76125,250555,Sunrise Community Bank
76207,274521,Italy Bank #3463
76252,233675,First Bank of Hartford
76283,168468,China Bank #2146
76386,176424,Russia Bank #143
76452,218363,First Bank of Huron
76512,2146709,Mexico Bank #109
76620,131380,Savings Bank of Providence
76654,2157686,Brazil Bank #51
76681,259933,India Bank #98
76690,2142469,Mexico Bank #113
76724,14031,Bank of Denver
76733,268824,China Bank #929
76759,284762,Russia Bank #183
76782,213595,Bank of the South
76907,1136230,Australia Bank #917
76933,182523,Israel Bank #119
76998,196551,UK Bank #0
77040,238428,China Bank #312
77058,1166873,Switzerland Bank #49
77073,23435,First Bank of Phoenix
77104,14586,Sea Bank
77116,20648,Plandor Community Bank
77120,196679,UK Bank #17
77179,270844,Bank of Newbury
77353,155430,Brazil Bank #46
77429,113667,Germany Bank #416
77476,27934,Savings Bank of Indianapolis
77492,178150,Netherlands Bank #3354
77515,147272,Mexico Bank #107
77605,15284,Sea Bank
77658,1115965,Canada Bank #264
77708,195134,UK Bank #3
77776,34658,Bank of Dallas
77855,72862,Bank of Tampa
77871,78479,Bank of Philadelphia
77924,81153,Russia Bank #302
77966,9238,National Bank of the North
78076,185425,Israel Bank #38
78135,57457,First Bank of Fort Wayne
78140,237777,China Bank #269
78145,147782,Japan Bank #46
78200,157940,National Bank of Dallas
78303,1116498,Canada Bank #181
78357,1126049,Australia Bank #72
78506,239463,China Bank #327
78544,6521,France Bank #408
78590,20,National Bank of Los Angeles
78645,110912,Capital Credit Union
78655,24816,Savings Bank of Newport
78693,26064,Portugal Bank #97
78725,210121,Portugal Bank #459
78804,181214,Israel Bank #0
78843,2212608,Crytpo Bank #38
78848,123592,France Bank #250
78897,118676,Bank of Butte
78908,14639,Spain Bank #121
78961,29196,Bank of Topeka
79056,11,Bank of Miami
79068,230226,France Bank #598
79138,236302,First Bank of the East
79378,243013,Future Bank
79403,152604,Japan Bank #157
79404,201486,Saudi Arabia Bank #38
79461,229155,National Bank of Hartford
79482,293947,UK Bank #22
79488,81665,Bank of Seattle
79494,2142838,Mexico Bank #31
79504,23024,Italy Bank #203
79682,223258,Italy Bank #2417
79703,20874,Bank of the South
79728,20340,Capital Bancorp
79777,79786,Russia Bank #181
79778,180939,Russia Bank #207
79817,97584,UK Bank #151
79956,15594,Savings Bank of Sacramento
80030,243541,China Bank #572
80050,1126548,Australia Bank #119
80090,96670,Canada Bank #96
80142,2126306,Australia Bank #84
80175,14902,China Bank #154
80188,18170,First Bank of Newbury
80245,187721,China Bank #1043
80268,235792,Savings Bank of Milford
80293,37523,Fieldstone Bank
80310,37737,National Bank of New York
80362,23442,France Bank #528
80440,27880,First Bank of Montpelier
80518,181875,Israel Bank #85
80616,12696,National Bank of Philadelphia
80626,33743,First Bank of Columbus
80628,55019,Japan Bank #275
80663,1133674,Australia Bank #157
80710,111606,Heath Savings Bank
80734,2157369,Brazil Bank #69
80800,122601,Canada Bank #1681
80845,237851,China Bank #280
80918,183234,Russia Bank #1
80936,225435,Italy Bank #1540
81010,214685,Spain Bank #2233
81128,32893,First Bank of Laramie
81154,52134,Japan Bank #199
81158,145451,China Bank #673
81196,262462,India Bank #133
81241,7098,Sea Cooperative Bank
81280,25961,First Bank of Newport
81377,234450,First Bank of Watertown
81566,2408,Germany Bank #58
81724,1180645,Israel Bank #54
81772,237523,Heath Bank
81792,7818,Acme Savings Bank
81897,4687,Bank of Harrisburg
82248,26626,Italy Bank #485
82273,8447,Belgium Bank #183
82394,2416,Spain Bank #371
82406,146730,China Bank #331
82481,28,Canada Bank #24
82574,120090,Bank of Fairfield
82584,35456,First Bank of Watertown
82588,121830,France Bank #1402
82597,160222,India Bank #130
82616,231262,Oak Thrift
82630,29630,Plateau Savings Bank
82911,1180331,Israel Bank #71
82949,94047,UK Bank #7
83089,116024,Italy Bank #958
83110,5655,Bank of Montpelier
83271,18077,Netherlands Bank #382
83426,2100640,UK Bank #42
83634,245591,Sappo Credit Union
83645,231535,Italy Bank #138
83676,113107,Germany Bank #385
83739,7720,Savings Bank of Philadelphia
83770,27427,Willows Bank
83924,217262,Spain Bank #493
83975,2133634,First Bank of Springfield
84060,176752,First Bank of Butte
84079,230963,France Bank #111
84168,25994,Sea Federal Bank
84248,2122629,Canada Bank #1352
84255,288975,Golden Cooperative Bank
84395,718,National Bank of Danbury
84434,212474,Austria Bank #73
84529,2208272,Spruce Thrift
84572,256131,Belgium Bank #1307
84808,24259,Brownstone Savings Bank
84843,23252,Germany Bank #219
84925,181275,Israel Bank #3
85003,281575,Golden Bancorp
85015,29723,China Bank #54
85101,16630,Finland Bank #486
85149,22853,Germany Bank #273
85213,21514,Italy Bank #304
85240,27512,Savings Bank of Augusta
85363,118291,Latvia Bank #521
85402,0,Hearthstone Bancorp
85427,214957,National Bank of Detroit
85529,13104,China Bank #8
85552,121970,Germany Bank #3101
85571,293977,UK Bank #123
85578,229329,Greece Bank #576
85608,38166,National Bank of the South
85640,11734,Italy Bank #779
85764,2464,Germany Bank #247
85853,238108,China Bank #113
85854,182970,Sappo Bank
85937,57523,Germany Bank #3414
85949,210029,Arbor Trust Bank
86137,214178,National Bank of Chicago
86180,74621,Russia Bank #124
86195,39525,China Bank #135
86238,177210,Russia Bank #147
86324,26567,Bank of Helena
86341,16908,Cyprus Bank #54
86347,21136,Capital Savings Bank
86367,240178,National Bank of Fort Wayne
86452,125872,Germany Bank #1955
86494,151257,Japan Bank #23
86501,211767,National Bank of the East
86584,16902,France Bank #426
86604,11796,Savings Bank of Bridgeport
86611,293214,Austria Bank #1184
86673,266460,Bank of Billings
86758,1126971,Australia Bank #89
87015,24528,First Bank of Sacramento
87051,176523,Golden Bank
87112,44362,China Bank #538
87260,68228,Netherlands Bank #580
87308,235129,China Bank #98
87558,1112895,Canada Bank #146
87597,9340,Sappo Bank
87628,252811,Japan Bank #268
87649,25,China Bank #23
87738,119211,Savings Bank of Columbus
87834,126614,Australia Bank #71
87835,111443,Germany Bank #317
87856,112166,Germany Bank #1050
87860,25642,First Bank of Dallas
87951,110715,Sunrise Community Bank
87957,134266,Japan Bank #24
87962,12075,Italy Bank #561
88024,88960,Savings Bank of Danbury
88042,229484,China Bank #169
88061,95638,UK Bank #87
88108,120788,National Bank of Plattsburg
88164,73691,Russia Bank #117
88192,1209169,Crytpo Bank #19
88328,21582,China Bank #30
88387,13146,Baltech Bank
88694,46977,China Bank #1525
88717,76,India Bank #4
88755,48885,China Bank #2837
88799,128901,Australia Bank #126
88809,236668,Brook Bank
88837,42957,First Bank of Newbury
88954,10057,Brownstone Bancorp
88966,10836,Spain Bank #126
89017,2125369,Australia Bank #9
89089,114976,Savings Bank of Sacramento
89187,1313,Savings Bank of Indianapolis
89270,5560,France Bank #264
89304,132251,Germany Bank #4672
89314,124364,Austria Bank #422
89427,116097,Portugal Bank #1538
89451,186355,Mountain Bancorp
89474,279562,Sappo Bank
89562,1156293,Brazil Bank #59
89589,127804,France Bank #469
89638,1180658,Israel Bank #64
89654,20724,Arbor Bank
89714,24527,Portugal Bank #171
89716,24083,Latvia Bank #188
89761,112136,Plateau Trust Bank
89809,6255,Greece Bank #151
89856,9888,Bank of Houston
90157,18781,Lithuania Bank #592
90271,291683,Plandor Savings Bank
90321,218695,France Bank #197
90333,156159,Japan Bank #1495
90391,213639,Savings Bank of Denver
90403,135070,China Bank #59
90467,114,Brazil Bank #49
90549,1165944,Switzerland Bank #0
90553,242503,China Bank #305
90719,48573,Germany Bank #1735
90776,150202,Japan Bank #142
90833,212982,Savings Bank of Los Angeles
90947,239632,China Bank #695
90953,19876,Italy Bank #231
91086,61464,India Bank #10
91142,63422,India Bank #91
91173,215305,Oak Thrift
91196,118669,National Bank of the South
91211,211096,France Bank #43
91213,1601,Savings Bank of Seattle
91319,214684,Dawn Trust Bank
91437,23608,National Bank of Indianapolis
91479,111026,Canada Bank #158
91602,136838,China Bank #110
91721,1180924,Israel Bank #80
91805,225015,Bank of the North
91819,43815,China Bank #193
91844,216618,Germany Bank #187
91845,1121710,Italy Bank #1490
92054,112944,Savings Bank of Newbury
92065,27667,Spain Bank #826
92162,15027,Savings Bank of Montpelier
92165,239603,Savings Bank of Providence
92167,14595,Italy Bank #65
92261,142327,Mexico Bank #38
92305,2098,Germany Bank #314
92319,43018,Savings Bank of the East
92332,210,Canada Bank #85
92361,78843,Russia Bank #186
92385,99883,UK Bank #136
92425,30935,First Bank of Miami
92466,128680,Italy Bank #1099
92507,263789,Bank of New York
92540,151469,Japan Bank #22
92619,17255,France Bank #937
92646,218478,Capital Community Bank
92695,111632,Golden Thrift
92768,39609,Sappo Cooperative Bank
92769,14997,Sappo Community Bank
92825,21617,France Bank #156
92903,1831,Bank of Fort Wayne
92973,220845,Savings Bank of Seattle
93136,43404,China Bank #732
93220,10995,Germany Bank #395
93264,112191,Italy Bank #334
93284,16628,France Bank #309
93313,266823,Arbor Trust Bank
93382,126765,Germany Bank #668
93451,211721,First Bank of Topeka
93463,147736,Japan Bank #84
93539,29877,China Bank #41
93695,114078,National Bank of Seattle
93841,14246,National Bank of Seattle
93965,29977,National Bank of New Orleans
94000,211755,Plateau Bank
94068,3761,First Bank of Portsmouth
94177,1108650,Canada Bank #94
94194,7141,Acme Trust Bank
94263,188334,Germany Bank #1435
94432,121027,Belgium Bank #418
94433,136708,China Bank #53
94530,150164,Japan Bank #137
94559,123000,Spain Bank #3388
94566,215275,First Bank of Springfield
94579,13717,Germany Bank #157
94609,17083,France Bank #104
94721,270221,Portugal Bank #1439
94751,23138,Germany Bank #167
94752,195577,UK Bank #55
94787,210600,Regents Savings Bank
94832,12882,Germany Bank #70
94978,125418,Savings Bank of Danbury
94997,11611,Spain Bank #377
95064,99479,UK Bank #146
95156,1100807,National Bank of Portsmouth
95195,192037,National Bank of Chicago
95199,17042,Lithuania Bank #57
95234,249485,Germany Bank #5786
95238,125414,Heath Savings Bank
95288,16295,Ireland Bank #498
95435,166145,National Bank of Cleveland
95466,182346,Israel Bank #79
95532,125597,Australia Bank #117
95553,167192,Oasis Credit Union
95554,2167125,Switzerland Bank #18
95586,2201992,Saudi Arabia Bank #23
95730,49283,Bank of the South
95835,27496,Germany Bank #180
95900,39447,China Bank #323
95927,19022,Acme Community Bank
96106,228817,Spain Bank #1421
96134,254115,Bank of Butte
96139,127396,National Bank of the West
96145,240380,Germany Bank #261
96206,123281,China Bank #245
96244,238125,First Bank of Lincoln
96280,22667,Spain Bank #255
96364,240913,Bank of Butte
96452,2109920,Canada Bank #106
96463,273752,Russia Bank #95
96608,13179,Italy Bank #327
96620,149352,Heath Community Bank
96769,212490,Dawn Credit Union
96875,19596,Bank of Philadelphia
96989,6697,Savings Bank of Milford
97011,259843,National Bank of Boston
97110,218,Switzerland Bank #22
97142,160298,India Bank #59
97174,147565,Mexico Bank #120
97311,35678,China Bank #109
97333,6109,First Bank of Plattsburg
97335,5784,Germany Bank #233
97356,97075,UK Bank #9
97367,215,Brazil Bank #44
97388,122120,Spain Bank #79
97389,10409,Brownstone Cooperative Bank
97420,2125527,Australia Bank #30
97453,255931,Sea Thrift
97510,116139,Sappo Bank
97538,38094,First Bank of Billings
97543,239767,Japan Bank #129
97570,253109,Japan Bank #158
97620,110146,Spain Bank #1517
97643,63576,Savings Bank of Los Angeles
97705,114730,Canada Bank #4
97707,23312,Dawn Community Bank
97716,6,UK Bank #32
97845,26999,Hilltop Savings Bank
97859,154838,Baltech Trust Bank
97952,247533,Germany Bank #1057
97994,231993,First Bank of Phoenix
98109,1189755,Israel Bank #169
98144,23299,Spain Bank #91
98162,216632,Germany Bank #409
98172,233482,Netherlands Bank #10
98253,262678,India Bank #123
98277,138848,China Bank #353
98306,48741,The Pine Bank
98315,246614,Italy Bank #2990
98384,5475,Greece Bank #29
98396,18398,Acme Savings Bank
98491,275107,Russia Bank #102
98529,254374,Japan Bank #208
98546,21794,Belgium Bank #16
98564,110749,National Bank of Plattsburg
98670,295233,UK Bank #73
98691,295764,UK Bank #54
98720,219686,France Bank #384
98739,24082,France Bank #232
98823,236256,China Bank #73
98854,294136,UK Bank #65
98941,7810,Heath Community Bank
99089,22257,Germany Bank #81
99164,1512,Spain Bank #536
99242,99677,UK Bank #144
99244,14759,Germany Bank #359
99246,51037,Italy Bank #122
99418,142661,Mexico Bank #82
99490,16030,Golden Trust Bank
99576,117909,China Bank #11
99710,232738,Greece Bank #69
99713,2149089,Mexico Bank #174
99739,139413,China Bank #289
99762,1125022,Australia Bank #87
99955,24407,National Bank of Watertown
99974,121811,France Bank #193
100078,24842,Bank of the South
100172,131750,France Bank #782
100231,19053,Spain Bank #1571
100292,14174,Slovakia Bank #1063
100371,25507,Dawn Federal Bank
100376,20451,Capital Community Bank
100544,256745,Lithuania Bank #926
100601,23383,Austria Bank #610
100643,129834,China Bank #111
100669,141636,China Bank #50
100674,214096,France Bank #682
100711,15398,Golden Bancorp
100943,28868,Savings Bank of Cleveland
101146,281653,Capital Thrift
101303,226734,Germany Bank #372
101319,37293,Capital Trust Bank
101323,1818,Savings Bank of Indianapolis
101382,98593,First Bank of the North
101398,74789,Russia Bank #37
101406,121,Israel Bank #35
101517,2126978,Australia Bank #85
101594,192597,UK Bank #48
101687,127476,Germany Bank #292
101698,227748,Italy Bank #1819
101791,44393,First Bank of Philadelphia
101844,259505,Plateau Cooperative Bank
101891,162394,Italy Bank #282
101975,72043,Russia Bank #75
101997,42527,France Bank #251
102026,10860,Germany Bank #430
102087,36395,Bank of Pittsburgh
102195,229885,China Bank #251
102368,4744,First Bank of Miami
102457,299336,UK Bank #91
102489,112010,Capital Thrift
102538,39779,First Bank of Indianapolis
102541,148335,National Bank of New Orleans
102664,3806,Germany Bank #415
102681,157491,First Bank of Montpelier
102880,25867,Spain Bank #143
102914,126794,First Bank of New Orleans
103153,120496,Fieldstone Federal Bank
103220,110283,Canada Bank #143
103237,247882,Savings Bank of Detroit
103282,28174,France Bank #115
103425,158019,Japan Bank #384
103661,30846,China Bank #229
103704,156271,Brazil Bank #11
103720,1442,Portugal Bank #100
103813,217081,Spain Bank #2598
103814,25222,First Bank of Fort Wayne
103888,231572,Savings Bank of Detroit
103898,952,Oak Cooperative Bank
103908,195600,UK Bank #142
103940,165957,India Bank #192
104017,250895,Japan Bank #90
104097,296574,Canada Bank #93
104103,128242,Sea Community Bank
104262,15017,Savings Bank of Fairfield
104288,143318,China Bank #36
104305,68533,Bank of Albany
104344,5763,National Bank of Bridgeport
104345,1201079,Saudi Arabia Bank #51
104376,140486,China Bank #282
104402,124809,Savings Bank of Butte
104486,122407,Oasis Community Bank
104659,213183,Italy Bank #2017
104664,229892,China Bank #132
104698,1922,Baltech Bancorp
104848,57778,Willows Cooperative Bank
105108,295532,UK Bank #150
105120,211753,Plateau Cooperative Bank
105157,132268,China Bank #83
105159,255849,Japan Bank #207
105201,212,Saudi Arabia Bank #14
105337,13293,France Bank #205
105448,2109886,Canada Bank #1
105455,167579,Switzerland Bank #63
105558,5,Japan Bank #174
105654,115489,Italy Bank #2333
105710,2182159,Israel Bank #51
105723,127219,Arbor Thrift
105846,265740,India Bank #114
105954,217119,France Bank #2574
106082,235304,China Bank #112
106144,159278,India Bank #87
106169,137768,Japan Bank #10
106311,25580,First Bank of Newbury
106391,1156334,Brazil Bank #37
106480,260802,India Bank #102
106578,234145,Greece Bank #4895
106679,2609,Latvia Bank #63
106693,44211,China Bank #167
106697,1115431,Canada Bank #81
106871,280232,Mountain Thrift
106888,2164803,Greece Bank #917
106947,211768,Willows Bank
107057,134597,China Bank #60
107087,8713,France Bank #85
107108,164860,Bank of Harrisburg
107114,1166137,Switzerland Bank #24
107339,45195,Flagstone Bank
107359,36696,Hilltop Thrift
107367,233506,China Bank #89
107403,2110183,Canada Bank #0
107430,294328,UK Bank #83
107469,249406,Japan Bank #101
107564,1127,Mexico Bank #18
107581,39566,Savings Bank of Columbus
107633,160902,India Bank #142
107649,28780,Spain Bank #2667
107662,237491,First Bank of Portsmouth
107664,10542,National Bank of Tampa
107709,264256,First Bank of Indianapolis
107726,16098,Germany Bank #102
107764,7998,National Bank of Portsmouth
107833,2188102,Israel Bank #135
107879,52481,Japan Bank #143
107970,111077,Savings Bank of Montpelier
107992,21732,Spain Bank #977
108177,24520,Portugal Bank #537
108192,243787,First Bank of Boston
108256,68053,India Bank #31
108272,132031,National Bank of Omaha
108312,1126158,Australia Bank #93
108340,125344,First Bank of Newport
108354,146640,China Bank #283
108426,27495,Italy Bank #525
108433,1125334,Australia Bank #63
108488,140160,Desert Thrift
108532,2101499,Spain Bank #226
108539,26206,France Bank #358
108543,27107,Ireland Bank #80
108643,225000,Savings Bank of Montpelier
108711,18453,Baltech Bank
108761,72709,Savings Bank of Philadelphia
108907,8483,Regents Savings Bank
108940,24458,France Bank #148
109032,22693,Sunrise Thrift
109091,2113687,Canada Bank #136
109141,9028,Bank of Madison
109174,150617,Spain Bank #1923
109177,224393,National Bank of Bridgeport
109198,15598,Savings Bank of Phoenix
109257,18104,Savings Bank of Indianapolis
109325,1139586,Australia Bank #204
109386,223111,City National Federal Bank
109487,217286,France Bank #2652
109622,260180,Germany Bank #4006
109639,179926,Russia Bank #239
109688,12866,Spain Bank #354
109689,26890,France Bank #3806
109794,79173,Russia Bank #197
109815,148175,National Bank of Lacrosse
109886,152621,Japan Bank #145
109892,36682,Italy Bank #3318
109952,215185,Germany Bank #147
110120,25932,Acme Credit Union
110143,226788,France Bank #206
110204,160125,India Bank #40
110246,18283,Italy Bank #77
110277,220785,Fieldstone Thrift
110310,1192622,Israel Bank #47
110351,173426,Netherlands Bank #1065
110354,232666,Germany Bank #3557
110393,28204,Germany Bank #18
110605,254080,Willows Bancorp
110626,241963,Future Credit Union
110649,18934,Bank of Huron
110702,234311,Netherlands Bank #1051
110844,283965,Plandor Thrift
110921,38679,Bank of Providence
110986,269946,Bank of Billings
111076,15096,France Bank #374
111128,16811,First Bank of Plattsburg
111253,25954,Finland Bank #3765
111307,239559,Japan Bank #124
111326,1924,Baltech Community Bank
111345,37220,China Bank #118
111618,120571,Savings Bank of the Valley
111626,15327,Bank of Lacrosse
111641,17976,First Bank of Sacramento
111682,219086,Savings Bank of Phoenix
111698,5991,First Bank of Pittsburgh
111799,22271,Germany Bank #78
111881,14420,Germany Bank #47
112037,108575,Canada Bank #3
112120,1141540,Mexico Bank #24
112157,116754,China Bank #106
112176,198627,UK Bank #23
112191,242511,China Bank #301
112198,25333,Future Bancorp
112323,168075,City National Bancorp
112400,213868,Bank of Newport
112454,161430,Bank of Albany
112476,260674,India Bank #22
112569,149403,Germany Bank #596
112592,1141320,Mexico Bank #0
112655,1200829,Saudi Arabia Bank #18
112695,112599,National Bank of Tuscon
112941,13664,Germany Bank #514
113038,33044,Spain Bank #1076
113267,27656,Germany Bank #1626
113382,2167325,Switzerland Bank #45
113412,246851,Bank of Omaha
113446,1226,Portugal Bank #19
113581,216,Israel Bank #43
113597,221780,Germany Bank #3184
113629,16327,Bank of Billings
113637,156687,Brazil Bank #77
113653,74361,Russia Bank #136
113833,166299,National Bank of Plattsburg
113947,146743,First Bank of Cleveland
114088,96471,UK Bank #43
114110,235362,Italy Bank #312
114365,116290,Germany Bank #2428
114453,1827,Belgium Bank #88
114514,35634,China Bank #240
114546,135325,First Bank of Chicago
114555,127838,China Bank #58
114588,1104322,National Bank of Laramie
114632,19326,National Bank of Pittsburgh
114704,49794,France Bank #2932
114823,8563,Spain Bank #196
114916,122917,First Bank of Houston
114953,16938,Spain Bank #391
115064,1205353,Saudi Arabia Bank #141
115190,25604,National Bank of Helena
115223,181837,Israel Bank #88
115260,231452,Spain Bank #2126
115268,222107,Savings Bank of Springfield
115289,148377,Bank of Los Angeles
115307,68235,Italy Bank #6021
115319,12986,Italy Bank #460
115361,213640,Crytpo Bank #64
115409,15123,Brownstone Thrift
115439,36454,China Bank #67
115637,141305,China Bank #166
115780,113154,Canada Bank #151
115811,8,Canada Bank #86
115930,299377,UK Bank #158
116032,225406,National Bank of Huron
116054,22841,Italy Bank #144
116098,181705,Israel Bank #61
116103,13305,Germany Bank #50
116285,4424,Italy Bank #24
116346,31691,Italy Bank #904
116374,214207,Germany Bank #347
116441,29652,China Bank #31
116464,17286,Italy Bank #337
116468,55148,Regents Bank
116508,191274,Baltech Community Bank
116572,34534,Germany Bank #1665
116592,127707,Brook Community Bank
116697,25935,Savings Bank of Hartford
116712,13747,France Bank #319
116775,240369,Sunrise Federal Bank
116910,6845,Hearthstone Cooperative Bank
116960,280086,Austria Bank #5372
116981,13235,Italy Bank #440
117024,227981,National Bank of Newbury
117067,12648,France Bank #435
117113,28219,Bank of Houston
117118,260669,India Bank #106
117142,86339,Russia Bank #528
117188,227199,Netherlands Bank #64
117313,2157732,Bank of Milford
117339,19230,Germany Bank #3
117369,110164,Canada Bank #131
117404,133663,Germany Bank #1754
117456,238585,Germany Bank #638
117504,295757,UK Bank #106
117639,22819,France Bank #341
117680,210105,First Bank of Danbury
117723,52653,Japan Bank #258
117868,1185276,Israel Bank #110
117889,152677,Japan Bank #758
118024,267037,National Bank of Philadelphia
118102,1124433,Australia Bank #96
118141,137532,Savings Bank of Tampa
118142,32439,Bank of Philadelphia
118304,24329,France Bank #132
118479,2202000,Saudi Arabia Bank #27
118502,25951,Germany Bank #117
118538,18112,Capital Thrift
118652,235055,Germany Bank #154
118722,28772,Spain Bank #224
118814,277079,Acme Federal Bank
118965,3503,National Bank of Columbus
119099,266946,Russia Bank #74
119123,17396,Cyprus Bank #613
119160,1209563,Crytpo Bank #24
119327,215884,Spain Bank #612
119396,242300,Japan Bank #128
119455,519,Netherlands Bank #120
119481,48410,Fieldstone Thrift
119502,1157761,Bank of Tampa
119507,15779,France Bank #434
119700,211621,Bank of Detroit
119793,265949,First Bank of Plattsburg
119863,27579,Germany Bank #152
119917,15191,National Bank of Denver
120029,118303,Belgium Bank #109
120088,212725,Crytpo Bank #29
120191,287306,Sunrise Bancorp
120278,14247,France Bank #368
120468,60075,Germany Bank #2630
120494,112616,France Bank #406
120496,116837,Savings Bank of Augusta
120549,174268,Russia Bank #86
120692,2396,Slovakia Bank #223
120748,85946,Germany Bank #3912
120790,97570,UK Bank #69
120857,1166277,Switzerland Bank #51
120937,212017,Crytpo Bank #53
121021,127227,Germany Bank #1335
121086,193643,UK Bank #124
121225,123964,Germany Bank #92
121253,2126362,Australia Bank #88
121407,77333,Russia Bank #151
121508,173562,Russia Bank #100
121675,237845,Japan Bank #147
121704,2131083,Bank of Montpelier
121708,249185,Japan Bank #109
121711,11342,Savings Bank of Tuscon
121716,272142,Russia Bank #82
121759,136239,China Bank #161
121876,44683,France Bank #575
121918,143079,Hilltop Community Bank
121976,221808,Croatia Bank #452
121985,2211819,Crytpo Bank #17
122074,115019,Regents Bancorp
122121,30939,National Bank of Watertown
122145,15019,Sea Bancorp
122151,212540,Greece Bank #366
122158,25765,Spain Bank #476
122269,25644,Regents Cooperative Bank
